gAAAAABqr4-a7zZqqg_qf2uQZz5Tlz-dayfR2JuyLRbw89gD1vVicIw3U3yp1n-LhtLnHP_w8Vj_nS9b2eTlpeZPv5-XsPX6Q239xYZVmzqEkj-8SBAKV4K3Q24K69rfVmRtgofDjqtZPiL4MfgcN5YNKU0QIq3wKA==
gAAAAABqr4-bqwV2hK4duRsDWDqDzEmZjPyqWz34rMw5Tc2d4mAc3givif0bvGIQMfkObppeSKFEorBxwX-V6-Svb2JQeGI7s2o--p5iZpOvlxUBm0vA1Txw3h0tzcYAdKnCpeTcVq0CVBk4jNxTMi3zGz13aSiCIA==
gAAAAABqr4-ctAw7BDt0QuixrXU8dpEwQxkHdxbI4UqZIyKkCvZUGGV2jwE9h92jg9SaIPOJhEz2DN21MbEP9L2gN2di0qLtf2TY2r6QsVyPm77RNERl6KM59g2kfmghPu3jzgQCJ__l9UvqXeogP64LC8NAqAFJDA==
gAAAAABqr4-dTZqgvdaejo9y2ph47L6qZ8tG-ANGN9DScWwZokuWJJtTNwld2VymCS8zgGjLzgfOxqmS5-WiJwVAXZ1C3CE6DovNP_X_wjBytDGOhQyxGlxTysZatHEo4SqpfSGMN8KVR6ounlzdUDqWdekhysBleA==
gAAAAABqr4-eDCi8dQJLOoBAwsA5jcA3NBbGgd3bqPvsElsSzpVGj8XwiAwp5wu3QnN3fK_NP9pBmHQdSxOhf78iT81nWotRTsaxNOKijCfO_LK9w0-oYPNcskCVdOFTkc1jQSU4-WeQ
gAAAAABqr4-f6b_1Ygediv3ZHvnBJS6GeTUQU2Oko4zIxb6_jwhgB74aMoY6aWYX-bibdJbnTQ65ixSmf4SV_MgxAbXNGl3PyEivH0YJ5YxRzCaMeA-9RRcP35Qufz_Q4N8d_0HzfbMM
gAAAAABqr4-gvWO4WGQ73NP5-7d08E7aOn1-jg8CEOjh_KUAJTHtj0PbwHLDV11z4KnrcGJEu2eMBNF22vqO9iQ05NY6HIHGPXKNJ8KtpPxWgy2dnmv_wqHYF0CBHTjYwQdvnU-kJdyq
gAAAAABqr4-hNPwQUIgyZh49nBNn9O8iDV1sOTSwBDC9nXtfZxxp4PYzQsModq340p-SUtrNSZQ7qQonaWc0cNaBCAeDxXoro4QAsif1Ca0PM4UUi4tP6dMzjP7_hFphyZk7GVbFiijZ
gAAAAABqr4-iEaitzIzInn-_M1K69QU6LpvwTxMzXJLWHZx2muzOspidauQ-Imh6FajdjSHJw7N1-swFlRbg1wR-q03-_s2UMZHoMS3tXBwD0JuTAb6tQkAhngookSqcvxHkNoIqH00_GXHqtpy3UIxV9jK4N1DOHg==
gAAAAABqr4-jZLgqfpPKhD4xwNYStIm6mYK7TLaKGsA3bdzhlom-jbbEJLGWXnNgaJ1wmKBwm4zPk-9kL4a_M_E_gN0F68E_rJL3dkBiZ30pEh5gEKlEzoIcNSTHU35VlqLVbPaezyW90zw81nRUIAUGNOxrHIaMmg==
gAAAAABqr4-k1u8638ky6OWBoFMvzsj0njTo54tKKy_dFTfrf897PbYcq4h3Cg0hHwBXtJNF7i8OfS-ycTlT5nY_yzlVpjF2B6EhQwyG0meBPYbanvcnsKBrWhz4NpaazKJ1rfavDvNhNQ6ODUWQVGKMkCShcJF7tw==
gAAAAABqr4-lpFQ6iGcM5ye078wVN0QdZBfLcnYtk3u8CK_2mzayZbPmRdwUiTsSeOzppk0IxiSuVrxX7nt-_fSJVoaF97j8UWOZmxVm7QubrGTmvRLBf-8g8-S_IydkgiKZ6S283bLDt9aBmqhuHwGTtm4lx48e0g==
gAAAAABqr4-mHDBBXj31IuSC9YfvJXpcFmVx1Mr94uiHbVYlm99tQOvUHbE_X7Ekj11kYBJBlGzYfvhxCw7R4uv0LwxDQY-2od5R6GsBy-JMbvZNdrKPZZjJOaxAtGwrieJyzSvsfh56Dbd1RwVXaJpsML272g_Q8g==
gAAAAABqr4-nI-q5em4X1lGgzHdNb9hieR-K0_bmo-S1aXQTD5sQYAkHCSKUg6VlqPwKV-nzSZa2cLxzRhE4ghhXBQ46F3zdegYZjEQz6xp_5ahxyum1VJxj2H01-r-DNME6qBOiFF6JjEYmwATvkHT3s6L_oI8goQ==
gAAAAABqr4-odNOJnjQy1N8VI5GUUWQj8mNYJaJRVYUK9hBMM1izI0zN07_PXkT5KrWH2Bs3xSdWL_SMXN-4LD_BwuqPbxc0S1YP9DHv5o_sS13SGK6eTSdgnFYFAgp6jZUejBXNtS2IhBYjwE0lwCFkrW3jaGaCXw==
gAAAAABqr4-pVOhfZPA8CwYTQRNYrw46BaX65kpXDXarK5G2pm7psFt2OIhok575D-bcnosSOh21HCpNKpu9oGX4tMu7lgxZ_YjafaEnEIIcYNdAfiHg7mmxb1yFy4gCFdwxBrEw_ntnLEPcUpTNv_WnkwFumramow==
gAAAAABqr4-qgzed7u0Hw0Fy5pgRaedg-x6rTn3u1UT0aS0bDX2TMC8kYjHjyj8Rqea6frF5iXXLxI-kx2wa9zAJZhtfpfz5e-BzxGpFaSbUfNliv-Y7Qk9WyDR5wsxjAEIBeBqpDtOzzyUFrQRPMdUmZcycQGWTYg==
gAAAAABqr4-rnPTYBL77FxqPA7571O8JwX2LgB9tdJHu4LxsC7d-zxFDx8UO5AuIqgWFxLEIXHkHaELvt5uRVbhR3dhsHIyJw4jUlxL_I_KZT3cKguATIPldQCBbxwp1eLr3rNIFp5uX
gAAAAABqr4-sY2-YDGOHOLTnhudfUhmoiApGbWkkIIxQT6fjK6J_CSiV05aHuubX04JWPb-uftYQ3Rsn8lvmi_wmxDtc9Yz9DSbxhW7FNAn5xqKVI3slyvQt4a6AxT9Dp9_xj5m6YE_FJL1nDJn9nb1by2_cij31qQ==
gAAAAABqr4-tVXjmALZ_n7K9MPW24ikHxrOLAju5B6eDNRhKkktwAJGBJbk2UZmqPJ8GIiQCANQjBbeWk4L22tqGBM_hrftoJwTw7t5dckt4JJ6lDTMvs6H10Rp2V2Ui0cVKZHEzxdAWLXXx45eRcYLBfSJSRcgdPA==
gAAAAABqr4-uViz3t_ynZcjQeOkMXBcrKWXV-AN3PSXw4EaA0Mz2C5_8hgIk48WuOGZG15XVstVcdigSx2pE5t1aCMRduDoOR6w6jCNsnSruECeCEBh6tRTbk4xdPPAz4ZzKZF7ysaCjx7YvKx0t3cjPE93eAkC1Aw==
gAAAAABqr4-vwMeETYzrV4vzUCkV2RAts_BIqhuK7Wy0H-ysKvvvYy-ALfWzuXI9ehB8rwVfYtMuVtXrI5LrdcKCFceCvt1vFMFlbRjr304F3O8OxnX49WM2uw3etfmFA7Ihgn7jqJrql9ppD3uoHGMlwT1PIeUD_A==
gAAAAABqr4-wsjWhCMp04is42FL4n0FUv9LiZEHsBcqNCo8OiojUsQ-k9eymZZuVcRwnmAIbJtO-UbhSuqy2x-nx6ro_CoGPixUZwYv15geq2Yqk6H-MtknZ6MChiOX5zhaQVlRY6MClc_Z5zcF0BXvnmf2Cb01VfQ==
gAAAAABqr4-xhI8AqbAnWuU27iTOlLp2iXWIW2XA_-0qvz-eHtZ3MsJE3zu2OGla36NoJewl-lzq7N0WzowimVzdH7X16kj6NvNi1wjcA5RRO2ZwvQSqXPm0gYW4iXPQRabT1xK2JW8q9Sh743OWt9FK7ntUePCjcw==
gAAAAABqr4-yePJjth9_6IOmDtueLwoXTO5996RHh3ZIsxkzRIcM28maE3WgsPRcvgJ3EJBYKcJS99L5U_jJKuiLLQXVWFxvNWEpQRa5H4CFfLehbB3JHQ1647d0_gMSgnd6kVOFvLZbj3hjxVGZCOkssReg843r0Q==
gAAAAABqr4-zE8_laJ_8lf8T027Q9Y7C84zvy4iZKM6uYn6xZrLWcXngA_seV_696Xew8WudOhUN_v8mCtiYksEETCg-NWcidk-ni0rs85ZqP4YjAuoPnmQYdXmSqx-tmNMgGGMKQyJri708gr_pIpNBuQ43i-5GnA==
gAAAAABqr4-0U6rGacF6tBWXMWaUM-H0FxSiF74POcaUvFfuRlFP7phcHfGUGAhXt9jz6lNWhu2rvSsH16Z4Ayvryaxyl-b4VdwRAHAwNnUYLCkflGz_91jGvQZqPXmhsb06Lwra6fVX5xOZR49QxlpKTaEsqPqBYA==
gAAAAABqr4-1hnw95pighRKZ67LF86Fc_lBC1UdQi7tX7G9r79fcdrShJOn6ISEwsA0xTVn9VvSUVqiZl2ZNaqc1nN8hl2F5ZHaCGLeU-BtJdrZB4iH1WMH4FHpvuRpU_iZqDMs9u6QBQ1sApgjEbUrTAPT2-2DuOA==
gAAAAABqr4-2rVyGQChc9Kf31I31o4Be9RGlNVA2UHnAoh1UpfpAFg7o7j0K7-5QTeRTxT2MRA4mVgcD7xkgjMehFaeNuwoMuO0yvWr41tYxYXHqLXRvPW0ZSF8Ow_Cx9ceI08h8WJ0YODIrVilKM5__7bzH3zsBcg==
gAAAAABqr4-3xKngt8TqJrkjpqO-R5JwhNnEPm5fOdbthX8-bElSGgNkEBKl1aaYqFtdWaaYYHtJkQ5quI16JcTHAisNS2S0lSQNPXG_ZsQvBDL-2yekMUnjpURG7z3t8r47ffHbmdlgTL1WH9cEZPAkn6xy6DXQrQ==
gAAAAABqr4-4A_THCJ7E9fzhdyI2KTU9AdvXvqMsSMY-2sMxJGJNCO55GCpM5kWZ4-E3JrjJDlc9zGN3w5MvK1-WRuqXQF8RvJQXdLzDj9D4GvjgZgZd6kRCVLnSuJK33ff_mPH1ioKAId10MCyJ1-IpVh4vWz9D3A==
gAAAAABqr4-5Pf-ICH7KfFAq2_LcrFczTYZElDJLOA3zgsJuc6OzaWjRl8JGlKFbYztCIsJO7Hun2evHpxUMOCrPZE1Sj501tC0MLUDe2X38bhKIwkzQkAnUWE6xYj4pggB9zOrBsxVLIqjydrxIS_4Mg4OX0TnN5A==
gAAAAABqr4-6UWXyMND226ApEEcBBwSdiXeXLdQPFNFBW9V-1DoVdqO1B2kx8_DLSiyKFHdR3aploRZLUbs4j8WPviixeLj0LvTsaWDXztb28Hz7_vd0MdDhPbYhIwkyg2tLlfsqEsmV9uaZIiBi7GNbAMXpLYSVcg==
gAAAAABqr4-7r_gYvfRe6aoV3iuFsagkre2QJymNsV6gY_E7q5dIPBnkmMVeqSKy5kNWznQ1ReKVmhvQiUQ7ckWnSLcK-R-hKB5A6er0TrvwV7nC33R9zTyj5c3nxN0l9LExMqxW7UYnYxUUwai9xrzPlrHWDD50ew==
gAAAAABqr4-8Iq_eZM1EtWweIYFSMa0c_aYNlphVOhqs3DiyteMd4hxUoSF8WCvTW1U6sYB0Diplo456z-PRf0NDMSPcz5VLL1e9yH4IlAljrEogsAvtWoMSe3e-pZDtzk1AFB2HQ5Z4i0GkUW5_jF8ET1OkdKh0Vg==
gAAAAABqr4-9yHL_16UBNvFPJeQPqEZtNTB-WEORDkqXQSTDms9x5Yg1BiudMOPusrf_ZdtZYp8qIXsIA8gUteNbByD9Mff5RRXcA_gD9HyLVffksj2a5k2SgiufWrbgjBpEu6_98agktsTkxQfi8t3iXk_iy5QGRg==
gAAAAABqr4--BJOfpAh4lm6VxBMfKwdhCu5ZdxsjVzHZZ_ZH3cp1QkqwbLNFubho9jTSOK2cCb1NZ-Ulb7Ckb5gaOCDSagg1FF6onLCcrIutNf3O3uJOh6Ow31LslwX9dyUvHWj57V6X5fhDJ2-e2a1K9Co6KDSnsA==
gAAAAABqr4-_J7K2G-zUGoKcBiBklTNsmHbfufd6HHo1fFjmHipchmGT6mzgQJ3_N6rnXRcox2QaP273fQND17FufCA5zySvmTC2BR3mCIT1_-CYeQMzhhX2UDjG9maewYClkahfXCBtMbUqcgqOqA9E4ZukYXrk6Q==
gAAAAABqr4_AxoTQup5shfUbeGEX7rK-pMCW40mKW89Xs63Caxblb--TY3kYzvkZ_lE_e7jg_bPwW-b7jfyJ-nxM1hz47-9N6ABuOtf-bWqbHciFl2djIa34TUytr1rrvunlOfMiFb3aZLcdz9JNiVmAkR7d85HNAQ==
gAAAAABqr4_BZg-8LJjOjqXPKJt0zr-oeHYX-aqYOG-y3ntyI493D8e_iSn6yWUiajDxg_j0UHD2JgGkaS9hBGbDwuF6jeDC1WlIZj0GBb7TICrCU6tTQPNNEIE23BjsdpNAvtT9KqcGZ1QeJplXc3eo6uoNotdjYg==
gAAAAABqr4_DznQ4dOWVNFaGIi7BS-tzM6n4QMn9VVRDRS-ab9qcYVRicZAimYqSaWmP4fAi4fZ81vq9azTB9xmREdY1yUiE4qavC8kwyxnBMszSsK-hxLstYF_mgLzHHkbz7SW3LKVD5SjcH_sjmbuhysisxTITKw==
gAAAAABqr4_E_3Pf59PfuHyibyM1imNE86BHXPZJeZe6IgLsOd4e7IklRitpmfdnYMMB1FxiVg6XbN2GEB3ysTVcH_COBx5hRmVZoczhAzPylRtm_e64LMsXz6vyHvETdjL-8uBK1YqFxBbbROmhTERh8lakSsRG-w==
gAAAAABqr4_ESmvKff95kLsznkSQfUCEqQr3f8Ibwt9UAjSg-BccFM3q3IM2nyFlOSeqQjZijTVvgkBSAU_D4OMU03Xh3XzjhHkinwQyUrRlZ8bo6TwpP0RPDI08KQIMHPWo7U9OeCVn5-rM4YlhiflFI13vhBmskw==
gAAAAABqr4_FfiUqrdbV6wvH93Q78ECa82ylXfA3I6lWR8R7K_wiCOxtSd_uw2GVnpQzcIunYlpzV4QJCN0_P62D3hUG9iCmU5XcCYAQr7aX0AD6AmWEC_6BD6-QDNmNOuh854IhKPhHHq8rcbhUbgcOe1xBof7vWA==
gAAAAABqr4_GkOk_zNGHgHZVteWHue_O6DIomJYDGx6vUUqAEOju9NP1dviwgw79J_RsB8ptSNb2Z5n3Hn-IEBC_O7OmRTF3CoK1v3ryST72aon8lnzuBUxrATZmIthS_v7x1OI2P9FOktqANt_0VvRsG4H9pU8-OA==
gAAAAABqr4_H_GxQge41n9KYjVlxb0WMZpASYegOiD8XvM4r2MOafOKHq2tHqIvlX-f53bX1GifaKEemZe55DrAr9u6CfuY1YJnEh77-eB-StBo1y9aH29JoTEHYSOC-pDsfzZDsG66ySP2fr-0ivJ7M7ob0xIg_sQ==
gAAAAABqr4_IxHZRcx7MM0cHbBngqmgAo5dC1xvfQ4jiiQPPGS3e5ZS_bR86Ui6oOcTJUi90hvgF2C9p1TmZVqdWg8SOxjfrXU8Q18KJkYybcxGsJaRrSkrhOBnrqFQTxUO60r00ftRj7VFr7f7sND_HvUDqhGiAVg==
gAAAAABqr4_J4W9hAiVB7C6Pz466JmOf9_Hpk7H3tVZfhCwXCh9FsZAChPMhQ4rh2EcKTfTfsepM8ELC_4IXpY5kMc-T5DoHjX36Fa4YKkqKRyg9zhFxGiRFAKbTz0G6VBF5nBsUnwQKHJc2WhgujPCuf6-okFhKbw==
gAAAAABqr4_K9HFwu-urOLGEt2-hNuNDGvMg5GLGMCBYF_2O0SpK6EibIgkNfYG_JzOMJ7WN9uWlRJz3BAVqmljgfXyo9-oRH4Fd_A-ap94ZxPh4k01UoBa9ItaOn-htSFPoRkRtr0BbqSvCAZILlDpatFXwY67clw==
gAAAAABqr4_LfWx9nenbv19WRfL1i2UHdp1HYl7mQfpfEgoehsogNPnkvWNvVXE0VSRLBSti3wgaF-XzyCBzmj5DCml8Rlyrf7X2VMl2ZpaZ1YQWI0A33kzk10aXRTHo9wqWHJ_F20LCV1OzqYOTk9sem_Cq8yj9XA==
gAAAAABqr4_MPaNCL7KN_BWKYnBRCiWGQCP8dPvm3cFFh4G2NiKoBmGrhH--WzBJpo1XvZvxixWyt0GYJar-c8upfQyrQZNbDzDer8vB-N_OQhRYKV-W-ugsn18XjRkKFfGlZZ_nyxusnoCLCpJnyrn9gXQryN6qNA==
gAAAAABqr4_NzihtaKTgxENdy8GAZQ2uuLrHttAm0-5kX5v83XyPP_EAqUgRsYxXibTWpdq-iJUxyWTqUSz3_IGd7Aw02fNED12oypFCjjREjgIKzjmR-xKIBUKTX0__nK_y3qFCKB05ntcwne8UL1edKm2ObB1aIQ==
gAAAAABqr4_OYq2D8n8lW2l8CHOnLMJ9MLY5JR4ahXrvxlvVDqlXJ9QnI3wdcBFTuqQGr5ChuoJ7u6D-1vP75oFhsXYTtSDsqH9WyxWCUAiTXGQaUW2MvcPqJMIu0DUr2UAeeFh1G7ucsApticW5oNRYDiJTW0JZmQ==
gAAAAABqr4_Pj-6WaSAM2RwIAoKSDNnZtXVMs0N28NWFlmaHUOhJKXBg-FePfZlpwMWtNilYqIKFbtD30lR0356q3t_Uluc35LRhQ30KUFshMO2YPr9g44Xu-eqjaOs1yivmrtf0_e0hte41U0h17E1awZYXQYFlGw==
gAAAAABqr4_QAFarsMP6nJN0e1UzhwFIm7Yu3Ot6P5zBjTEaS2lEpfpR4AAmSYkLIyGLhApLXvxI3vqUtPK6ToaU97AzeQj2o_CLKZ3SV7KuQQgoPkyHuYSojRQhgErGYKvOt_yOaqh9Owi8VW0nXgPKaVnKmjlFdA==
gAAAAABqr4_RmKik0g0uf2Jyu3iSsp0zCxxriZ1BZyiH51LlSh-oLBBJ4_Knb08wSbdPn1xkTmHTlmwTa4uK9B6X_Rzfajlxr-WzXEScfn1tOtNpRhJRwiwVtRiPq5UvBJDpKp_Bg6A7S5s9bder8nsfE79WTxj1kQ==
gAAAAABqr4_SGfIQZE7XtqRR86C6OVqQlDvQbpESPqqpoWs12_C6Qv_otKkV7ojmRrQIugEn7QU_cel2SUpNXFdXs2_D68dDDXl_v3OHrpiVLi2a0zUtE416oHQqZYVYq9WI5hami6PL_6KfRojaqPPrZabH1Oa2qQ==
gAAAAABqr4_THniaQ8g1cnRDhd8U-fSb-NWqfvWTbd09dFpQqUp70kKCTPcYp3yePC9o289nlOgCBZUh7F8ySPxfr16uSqa8T76lM9g-cal59t6J68CrZIYrtWGP7lsQ-oRwGHQiJ_CjIuOVd71tPEDJjFRgf7m_aQ==
gAAAAABqr4_UL-hCx_Ucj4bkdDuy404cwtNQbd4S2obrTZ-XBrTUTcKXBN4QbJiDSowsFlIIVhgv_OWJNoSay3Lkco7w7Fpp9pyhSKFnE1RI-pIUvKToXs0EVDAyq-DEP9eofshrSNpb7yPxp3IR4IarJXnfRENnsQ==
gAAAAABqr4_Uuh097qxqrg4-R11VXUAnyU3c7OuVBmnjMdUesQjgWLG0n_CMh6Ub_sZtB3xuoIREwN1V8_0SPtzqINyY_7KDWx_6RrV3MXvTPy_ACaekcE4_b95DrrinkvxZJoQmdKY_qwSoCGnI8hQQB7C4hFfVWw==
gAAAAABqr4_Vy8FIHUJi01HdbfGj5cGjybxox37uzvhEQiKRaI1GZDzhCJPuJBAOlBj22f0wNJgEpt41qat8dnTvzTcCM4lJOwyUKWlmRuA-kwkk8B3Eaaqe7_ZqOJSUnhp1SqlKV5jGJoDe-TkPP4iK8EQyP6IVzw==
gAAAAABqr4_VUS1CDkru1T7qAPcX8hthTPzBkYNMTCrcZNvLEnqMorsZy43yfQsS08dN7jHjxbLpFUrj6YCAdJHUEy2aCcrlCT1PQEUzHomIZ862_W9ZDIUWfTNgMGuTWppIsYQc-Oe5x9yOIGoIb7HVfYCM8fp5tQ==
gAAAAABqr4_Wdbo8I_jyvQ604UlEVmDjyJMSJN8j-n3veYn_D7Ojv3J-kDnJX6Bv0QJnVvFEsgug4kH6YEZy1UrCqwUPh2sNGdkZ8awUvidCjQZPwdCG9Qu7pK8BxTOQUV9s-Qg2NxYobHWKajakLl-Jn41oZaODHg==
gAAAAABqr4_WY-2pOj66VALsodFsdGGECSnSCVsnqCXGloVqUHDtEwbUT5uGTP_EKSlpJzZE-qPcl3NeRLFFqzOUdvgD-k0UNfGcE09Ic4pAgeQbA7mEvGzAq1KxKNQj31pajNccxkIWsFsycJ6gbHmcG8pdkQBnpg==
gAAAAABqr4_XXRPSDlVs-RCJmQ-n2nHvGyOthOWh-ZvSs_kufKd7RIxr5wxq4KuAJhrwZNrGskHmSRjKHao9HEMHrEvDTsBX0NSJCYDxMB2xTOE2JaCr6-ENqdTpV05FOrpGEKzHpqb_6QGwpVDXSTdMgXyMMyRUjQ==
gAAAAABqr4_XsDkt1yrR5mUe-i6yK11DgSMIUDnEvhxtvPiyLJma0utU1NBd5mZovwEg5B4g0l6qm3i7G-FajAkQH7_A6fqd_TQvpB2rR_dJaClqZIJSe9Lt8mW5cuuLPrBDRBR0c9xpKfU48LU-03E-ku45kHZB7w==
gAAAAABqr4_YcEJvPqfzc0hX-fbuSyAZ796dhTZji3p_FvLK0VRrs4NyE12zJPftTC3KA0jTMFcey-kTAYfIq57ntpYYu9htbYqGrNeUejjDZPfOwHjw9ZZC81T4PP217d5fwcc4rqNDMpMhouAGTVZxGpotqK9lMQ==
gAAAAABqr4_Z0WSAcSYF9z3L4V61WFG0Mz1KtJVZRABalgZmAUMD8EOgz-wqYpkYZuuYA4_yjvKmGfxksFIKnxMyJR0NnEgRox9Xpops0rOWdr-7NdbYkmr4xoV7AFyCl8kxuOav-x5wu569WJeVV2VFqGxJBHx4Aw==
gAAAAABqr4_Z8ZSGRQkNPLU-ZePf8US1Df9N9zm7z0Dj2zGspboW4aZ706F7gaPqIgs9aHzqAi4DHqy3-6Rftka7jIukwb4KywJYdc32lzb_acxUe8bkUO3vrZl6vdZIFzHH9XusyKsuQlTii9eJwohFPxR4iLgrfg==
gAAAAABqr4_at5Ay1Ko5Nvc35J_pK7PhzGIGo5kTTvQNWIhVUxKM2lIoTGH6FjgNm09DoIsBlmjQ3FAcd70c9ElYZ02vy005OKmmGO3cpSjkYUMjapmu26TXC0D8A--lzsG00RKyQIi2WG5n7HpuPzMIiVOE5SwB9w==
gAAAAABqr4_bjeVxSqI4fxWnhs-jdGz9qb1p9C3fbbH845-jT4vyHDbcEpsWaA4jOC6g-Gz-QxF0zzv7yaEI2kdeVQHpmqCvDj6iDynoxRlIY814FTz9eWA4OVNmFt1tdHTz71Ghkl4AX89mNhDsNwrYi6rbwbft4g==
gAAAAABqr4_b22I1Dbibw-UtVOnjm16iCZ-9G2gAUz05hR3L2pwa8fxfpj6ktW2NlQN3pPh_rQKT32JpFmoUd9D1l053bRbR5-jOvsOCKnBFRiw-ZTnSz2m-EMbrSXx_rdyNsuWyUz0blKT6GThhOV6vWnsKZ32PUg==
gAAAAABqr4_c7e0ghM8VhlkZqD0z4ToymmGXA8mFiqVV6_bKF1RKcaZMN7rZHSUgNcgs_qu4Kh783VRSzSMifVIFNAnPdMXUcdTsm1_bvnhJqGifYWjbz5nexAwRf_JJ4mIHfqUNlO09ee6NkjGeuUxirS0Ldkz7Jw==
gAAAAABqr4_dd267wZF2H1uTvPgbtJH8pEFuT1wL-igXLE42GR3OZ3Wzm-TYKd1nln0otoBUwvpB-8ZNhJkQYs33eBD3Q7ZDw6gzI5ayLCxnWj2mc66xxPQCocqGKH4Wqr1oXKZ3l4H6uUq7omocUJdovX_Jbtq_QA==
gAAAAABqr4_eKQ_vv1cFgb16PfaIO56yOqrFumzP2g5RJtVipu5OgXMlZtWqzC0TiszOcA5ODLao19Qpef7Jeh_JqNwtE3MBRJIZslZgacNk1IXwavy0ufSdOj3VCA5sj0abQodQov4Fr8ULq_rK-8bl82tm5WMdxQ==
gAAAAABqr4_fz17FxAA54PK1rhyh2mTBZYf-WQR1jkCpAxAKpaGx0VOgAQ6VnS8OrXehp8k4BlRrALL1Xd2-ZO_BFt0Qj7ZScsaVRuURhPdFIAaOwgitHh_o871dUoh_Lj7g4ZKiRLXNcxNdlvjYWZ9LraYg5ml8rA==
gAAAAABqr4_gljvei8NxrQyxb5_nSwAjfJSnQfrpzXasMGbcGWtQvXrmENgPlRHeNuMem0Vbf8j0BKXiqUr3_-f3qucqYX892p9hHegDFT2Xg_WZ8bQq2jiU0GSeJwdjJiuAIINf8Dtqvrk_EHWPdEnYod-uG-e_3Q==
gAAAAABqr4_hc_GoPxj3nC154xYAD4jHsVPxIWuv_QmgupOHJuTaOnSsvbOKJrXERUbXwiwYlD_9REZ3DsEZL09oC4mIDRM0oOeL78UVX4qmf5o3dBLwORZ5XnwEDEtkM6TBxU9c-pKzSK49qmhFPBex46MsW1SULA==
gAAAAABqr4_iUyOJbKX3yspd6Tv6Rf35zKp5XibFlxDZpkepzesJK8F7IrmZpPiHK-O38_w-N_ytkPp7SgR_mesWeBky9Q-0a_o7PhjjtU4FAzrbGpdcUUgDZ83GUh2v0f_nenck1q5Yd98MAut9DUU5fDh6mxSpyw==
gAAAAABqr4_jCFS6dcFsdLqfhhA2ZMYiPzRA4bGNaqRzZZZDZXdu5s8W3Mt6xA_HyGAYAHSnR2nMfpfKaEED9uYMzVmPxWA0SC8alKBJHsGLWwx4EDQMv66ZtcyYzOahpym8uAaffgQyMK0XbQSDjxG_9lycKLOPpw==
gAAAAABqr4_kZX1IZ9Q9QFfdYoZHw1EVmUjUayq3gW9VBU4kIkbYP4t39EljX6H2uzH2S00sDAETunphrkRHwiiaDCS51oR0FEf2dIqsEnP0yMMr1EUZVWAVobd8f8RR-IqiRDJhNmR7Qx1TONZVZalnkpXDm7GJhg==
gAAAAABqr4_lmed7mGXnXpGPqu-wlyNUrP56dB0651mHmQjvCHiQHMCRT5ekvazB7lfzZJY7sqOim0Cz2mih0edJnsM_IZdzedyLirIJBrgYwmh0385dL5UdbY5R6o-L7e82vTMHswPmD-52uImEXsV7_dPXsgVHDA==
gAAAAABqr4_mqsO-26wBLCfj0PLsfF4AAbIA5ojPQTAVDdXxFkM-xicHskqMQ56G5YzqXIVnO5B8OoX5_OqpwAx-tMjG7BqCGYPtva_wRzc7ocYgrWxwu-yaDlwrTx-MrjSWEUgQ10wBsuZ3JnJgneogw4x-po6-dw==
gAAAAABqr4_nR0UDyxtg2EXPAnQwPYESWYwvcK4hTpr73m54IGsK4Sng28dDlE4UreZOR-ypSJ5fWuw1YOT4s6-_6nigag3A9EfMpBNYBxuYgVhsy5oRn4POJHJhl7tH3-BLNTp7rCFejhxVmawwqfmqwxAWJ3dW6Q==
gAAAAABqr4_ods7ofIav6vpEZUVynF2M7TUlBOh0oh4M3ah037jysw_1idUqWgAI85LGkZLWmLq4GnIvR-ZsDmtv45nzOLVPXGWRIN5-pQ_eOakozvJZzdeyJZeWad4xm1YcX92ciuemxaYQnp2HeihvXB4mwkwOvQ==
gAAAAABqr4_pI559no4ex3YGMSgMwh-EYmXhl6fYLo0vfyFdIDDzaMFxGJk9XLokYNjaVUko-fn2iioShDzs-MEsqQp_ek-Ux7JklemalC3VtUJWPyPAXrA-euxf_O2LLEHdyItNXRmN867UoKARZhE3BN76iNM__g==
gAAAAABqr4_qiFb9NSXVnO71ieOv3etdde7iKmA_S1z8zneUdnJLUOyfyap0fWn8gpjlpabDLrbe71bKB1JvF0ZKeBg1zyKo0WfSbUL2vcN2LtyE3bZ83ZqjThc4OUoS_YeZiXtzUtV_eVQWchiN1HlK7RWIXM0efw==
gAAAAABqr4_ryQXHwfejB-MDZH6_x9YboaHYapFuw5ONf2a6y56u32c9NTgsdjOxN2RAeIpG-ZLbYPBBcu-s1_ClfOT0NHL-MrxxoIF24v0M22WOaHeRQ60qLGq20z02jdwIlzQCuHGD4aF16MKtB62xZhnJLHYJvA==
gAAAAABqr4_sEZ1emWeRU3JXLW7sUCb1aZy-X0JH3g-WSH2G2vo-9YYnrsZ_h1lsfxnSuhPRsgJvRV2T4v6-NiAdKinXCrDRUL7bf5hh00H8qiJ6WmtNwo-SR_P7kada1K5ZEv5epzCfPIlfRChXtH3AGCuVlUTJdw==
gAAAAABqr4_t87dJZ61YMPZw4UhFModuGwUz9yZkMzrrApR-7ElZK7lJvIwALZwqJYFp3ZyjJUXalDXRl65TZslnp73Mk4TyCkpbtgt9io8ejyNHqcomtLfE3glZs6WCccQEt4rRrald
gAAAAABqr4_uVNJZIjPGESHqR-VHLePWMY92peW1auMN-_DoV_RansNZRVkCGbkSbJvvQIz1Uf1Vyo8TDeAjDEWfhHyfkYeXwt8nNN16Ncqx3mbIdBzS81EVjavvaf34xu_wvdBgH_K7wOEUiKtlG06CJz30j4acdA==
gAAAAABqr4_vZl_5jOQLNbV7fLqkhws1jbHv934pOLuVOG71T8S1OpPm3vSGXrVuA76SvPz7Rq1S5Ig2IP32kBScrttOwmTJiZipBVUiZ64zYLgVRwy1WaIsZk_fhoIXH9gJ4VISMVVt
gAAAAABqr4_wQDH6ZTyIMw03SPe9pFkVG0cDr3HpxYeUhc_8_Lz_4JELaabTyQ9oAPRAuUgX28MVGOjmtIavh1upd2wsWnehZIjGHEQPN-4LuBgtxs_OFDZbDak8rLQ0H5rai9YwxxrgOBvXstHRlxCIqam-ugotjA==
gAAAAABqr4_x0KnN8CNNf8hW5QZZD9Yv9V-DEsbGrY-s5kV_pqAqlMmXMQxMr2tzHR91CoDJBYoerrcqQRfaStm_hItKdfzMC2WZ1aZzKKXJUnCgy4INYWAbRaksYapw5U6cBNkrmAiNj4c9wr0tBhbBysSBdEa0Gg==
gAAAAABqr4_yL-LO-7ikG4nSdTKgqGPMlUtnoPESMvwVMGF9SkDIhSjJ03nYV6B-JlwNaZDQnemFsOOFdCc8zM9b_Mi4Pl67GGpal7wLDNr24q1h0ugWmvzxCrW2zLbsU8b3eAAjLL_rEr02mGRC0OCHu0rglJ3WKg==
gAAAAABqr4_z9kOjPd8Bfb1Vzfiarzq-z6osPKgMQk_SemntH8ZEnbbZsJT2-HVJV4B7aybLW9rN3bVmYNiHcxVrQ_H3zxNXeWubGu1CNjesK3TVV9rJA665Q9Pg0e1gHZJwfGsRNvCj6kot0ssQ_RKE_97PStIFyA==
gAAAAABqr4_0OfGHI1Uh24k1vHThL13o2r4GSyJ0JDXFMFgXZ1aJMnBctBdWBc6V-x_vmcF4rpVJL3WGCPgGlzGauJfVADxzy9LqPlx3FLQuycKGniMB_zrgGMSeb8NIZdQ1yhQTvQ9vPihLI9dJMpwkZuR_hTKkXA==
gAAAAABqr4_1_6UKrxWZNIjVdbAeVzUkbn0cB4bm8LTiuogeyoboOskosu_Gqu4rfqfkgXVozH9_YNEphZfWgio3fYN3mCIClUUc78D7ZfPUm-Vy3fQD1gwoB0RskxhzuJfqXepEV9T1qYrcdaNj8a68jORtKaTC3w==
gAAAAABqr4_2icSGHBPG5qDokbYCI0aBtAINph368-Q-y6puzgee6Ce6SBl0Bo-LaPR-PqbqhNWxwEMf53oiGU2YKgA8_g7RjWrNe6C_DDtWMJI9DttYINHF4n5vJAJ0m_NnKRJieuCdCPPiaD1iUuiZZyiokIX1vA==
gAAAAABqr4_3RVp7iu3zfDBFELUEsEmO-DFPrbmKw8n2c4yAmhYy9uIlw58N6rh2F5gXUNlgN7iOq-m_vejEimJ_0Kxb6uIkUEoyPbaSgM7bLlvh3-wqs5H_8X2tr_dyFYscqDW5kzoD3GIWGQ1tUeQ7vVeRNY2A_w==
gAAAAABqr4_4OlmcJTOU_zZmLHjy7cX63IngI0_kQMHmnDXh4H1m838ZML_D-aM9Hry4pBZbnrc0Fx3dhYnLjfrKd4LVHk64YyPS5zOVdPOfZQYIoliJ-ZrjuBT_jNUpoYxJnaZP3uRtFSDSVoA4LJUM_KHe_ShUsA==
gAAAAABqr4_52_NHC-ySWkoXwgKnIBjedkX657Q3uxTgZGoRy3kLCHCbNxVJXv2ZUj7jAlykKZgEgigpKjC1Zi6ItLGZjjRhJAQUMYANeLlPxDHFw6XQdVvR96tshJQhxwR-O9CaKHvxdXqC0218S27P3_fz8qE39A==
gAAAAABqr4_6uzZxM41iv1nT-5oCIX1W_Lz4jTv3r5UIfOKGXzUZ7do5cOUv2lhG-ZPAOlGEmHa9FkeT8lzurdK9LHNMcgokz9Fjg0cDwcIc-yicC5fIcXf1Q5yJ4DfY17TqFRKCTBLGtT9ZSOswihpD5grJNhrAmA==
gAAAAABqr57XDO_bRdK0c_zmzNeUF3mQmIWzXYgmI0ZGcqhse_7KUU4kn5icyKtEzEc1F6rOpXdCb4UxHYRi2FHvR31qqDjxUi12YQk2n3M9x3hOcbTpUlBGz7t8a1-17fCcAX2qv61ctdEqsGtOmNgkSRUDHn6fmQ==
gAAAAABqr57YMlBV9TZTBJeKn8xtLwNQvXledy6uRSkibPJnYUQ9gpryobel2plPmgXu90tRXG6MQ75T3apEAaQ071iTfkmXL0Yny0PINfOxp0f2ayZ8UpZCIZw-IJtFDmFWR6aoArurKcWw809SgtJgItpBz7UI0A==
gAAAAABqr57ZzYqDvyxegqppvEFHvoEHT2wYw3pMhiCTwm4aiEYBuC43Fa2-Rvnlj8QtgBgdMrnQBQM9eq3-ve9VfEXsHqeoTTqqqL_NLezMAU8h6GSEuXqzTIbdmkKRdtglI9epz9j6
gAAAAABqr57aURBKPpUlJ9wSX0h_kg5l_K50NNjNCSEcx14RxOLuXeO9KwPQpfW4Pzxgs2s4GTrjfUr_UyjkG1LV3mH4rzyM_1dPCd20TP6gDu9bvhsv9r4JoNvI3oVrJbpeq7rRjzc-7KpZT2VLqmhQgQzmDnPp0Q==
gAAAAABqr57bMpPmbLirWLh1BFq1Dl-Af33IVpeY5oT_dq-tYjadPxPvyQp5lKRx65KEBxyBTCslcIpjOAsOb1W2TKIGHQiH9sq8XMqry8077HcLZAtR3gHhb1vxbSIEaEliYRzOj3vKMwPDeOTOGNPglR_qUvlWrg==
gAAAAABqr57cfceKGbP5HqEVV6XDayOrCOJzKBNXmEDO_2jxZUSxBveery9PxZzp4XqdrTd92_95sNXK9ykE_FvwatoJATmfTzIqihlUTphAA_GSTd8RShzTJ3wR1fZuWfFWHRJqqosAd4lAvTasEgEdAAzp3QtOHw==
gAAAAABqr57dMgH_w579_8s3T1bEuqLhUnSSCraoSIQkKGNV2PJoVeM1-4NOmGtMAGoOpwd32HIIrcuRiVS5VXj2IelTTgk_gFycHscZrycrNNjbG8KalpNBsBnsQ4xfufaw4i-myqHDQ4MbXHtL1kiQYTKlEPTFmA==
gAAAAABqr57erQ6GHXis6tuRL--EODWiv7swJgnxdyF_9xqQGPecFuvHMeU3mnYXpr5Cy9wvJls-XXD5z7QrkIMGW-A1ciUkN0yt4gGXUiTllUtX-SizUwjd3a-DSe2Njsht4BuhMoCeWIFCg2-JaLlAjRzHVcOm6Q==
gAAAAABqr57fHTQwjjeevXuFgUTWzXXs-Mgcm3M-ZQkVn2affBmIg-z76HxrSby8YrhiSTBLO0D7b0Nvs5pdO1P8qFa4JMbWmhaKSVstpPjjcKs_dSKfV-dlGAiJZiN6h4Mvc7skMXHI7cvTJvhmC1MEbH1wh7K5Sg==
gAAAAABqr57g5ay9ZWnbWvViB212KM6switqwEjuvSm_Dz8S1-FDsCcvif9jzMzCMmNP_fge7FwOO12jWffQemjFe4bnd04PV6S3hjrY0mA9Cnoor5TxNs7LKupBjY-66mWiE2xRD50ixXfp_g58W5i9E80gKKnY9w==
gAAAAABqr57hTmIziW7pvv5Eg1_HOrOLs0fXKzVYQg0hl1v4HhV5LvSrPhNUOPOORvnh_uQntMsQFu7jt_u-mONwi20i56S_m1tiwSGFL2CoOEm4dvgtedgcTe2QMhncTwKYf6eXgh9SRzXDQ75ifqJNKH2VPgDNfQ==
gAAAAABqr57iwDdBzCKqXZtx2nQ1IGABNxXUccUtK8mPvoqiZYx1dD6l-OSLmnh1TQTnnH6T8gV095ZCHb9pKrN9d39v94ZpWwEizychwOhFtEiyQptLr8ytyX4JtcQmBLZStwycUdsWl3i_pqufp2c7R8DTIg7tTw==
gAAAAABqr57jK5JggPtEwPFwCS2OJNocGaX2IsfnlRh9h2HlesqtTQp04EY-5M6wL3hQ7IhmmYtvqnzhRHMS7E5-TVBrj0eLM5t9Y1EHFqZryfciZK3xTeso31hAk5--Jo_AGj10Zke8wKNVsahNOlEt3kDXQSoGsQ==
gAAAAABqr57klzG6SeAbysdZGIx_wT8z3DhN2qFWFC2v5sBDQX22iokqUIl3XyKU15QuzdFlb9d0ERJY-0u_69TVszXlcLziYB_5WZ3gpjYq1dnpQk4pjhBfGCYicjBuqwKQLrSgHihy0s9iyVSPjtno2NEP7f5_6g==
gAAAAABqr57l_0LCsHABvjBwlV61l-BYxEJHeh2fMJfIOgzjHDMzPwlF19rqoHow1mBKNeAGYrPwxONh7t6OViO979O5zviC7AGUfv6JGIgk6Ho7lMS7OSaa7dvQteXPal-Ib4_GrUxj2rvaMlX7oi1qicUNIs_i6g==
gAAAAABqr57myKbpwIbbGO6SJ7DUsBQOy9HmylRg9eqCygUlopTbKLOZMPaAuwYyK3Kin27jMf0et0HgYlmyGL4dXQXXfCaqT6BJKn0VakJlGBASRr3FHD017BFsHSQTtu_N3iuZKGKX
gAAAAABqr57nl02FsJ6Bam684J5Z0NjL2-0M3uQAivE2PSxf1vGsTCZXfHGpTEwAcsXrCEtp7vEuwwbRKrdDGZgbo3cxpIvAMMlB74SqXk7AqmKiOBlpa0-N5gfrf_67NPi4wGNrVXLFNYhboerGQlzoDTmKQNOK_g==
gAAAAABqr57ozdx3-ac7sbG4gJiwXnrB7AUTQdkPyX6FapoUg7FLsVSI9XaOyuHhmxR2Xck0UqPpaMnWpV2_HciWCIxT-tHjY9WoQRJh5JELNaZYdQWTpt3jqSMr2wU-AByJXFjMdT5GeUSon2kpSUGb_SaQIMI5rw==
gAAAAABqr57pHrLHmHlSVrpBLV-3LUllCaGwkv8xxLoRKY0NxBp5SOsehsm5AkEE8-xOUCcTYq-3v0mO6gfURq80QZ7T7dnhCBKpWKQuoPDmGiQzonModVVyH2EnIoW27WM2BziRrSJ1ruHPyGDtlJfQGPz5sTbg_w==
gAAAAABqr57qd__32PIxm_SL_rl762q_Wk7qNl-ylIOlaPiK5lbwR3_1KIWOqYMkJ8alr7MFJHuJuCydoP-Uph0Z8wDtFv3TGoTargoJW8lCMRFZf9LZbrSXCb3piED3zRtS-vdmDyTAuQ5vM9yqeiHK7Jn1F0-BOg==
gAAAAABqr57rTQw0qHpJXwFKA9CIjBHCHiOeqb0J4KxohBrhijiX0EAnmzUYu_HDpXHL0AztPzakSUD4gqT3-gENDWDC7YYz7wYhIOw2oy98KvgXFRD10QuwEyPYPE8YPtXczkkHNyXWqrUDdag_56D0BhcZrn76nQ==
gAAAAABqr57sIK1qjkcaOSsxhev2WEnQ-FMtHeVfOBJS-3KY_dAyEm1-qTJWBYcl9XO7daYGhteqj7W6XEB7d9e8-EgMfkPd65bVujyTx0Gasz1uG-sCAdChyKf--LXXoxFPi7HkcVu2Nqdb83L8bw7h7UdGPlYhTw==
gAAAAABqr57tA3IWmVvRia8MLbb11l-8Fx6HRHmIKV5R9t4iA0Jh8Z_jYi8rl-hW3Tsf2Oakd_ml-zkE1p2m3vzDWpmKj7lRULFjvrIV-Fk9gHGn6ekj8gZYq8rQEboCAwc0OeNKtyscF4xPQ1grCBKqUHZ4CojOyg==
gAAAAABqr57ut_M4UI13Im3Grm1nWjc8TfitA8HRiRxyxxUNrZnqxQjR0FFRwWYvNfspFQaUL3r2y5zuVgxB4AlB0Do0cF9NIDhdgLbHfbVCbBCekZXipdUAH4cHwC4ep-ktkwTKc9gitQdqEB0CKbqS6C-QSU6S_A==
gAAAAABqr57v6vUg2UcHAr8Mke3g3yqW1hvYrWOnWyDfEPz7OsNcRu7-raQg1bEU4HRpnFton4Q8NyMh9BQZgcyUhLpTinWXAMmWu56z0tSM1iTHOoF4yBAm7HYaYT0YCxpBT7oD7bQO
gAAAAABqr57wUuuAaG6dUqc_VuBpVIW2sGVOg-VI0z0fHhBZF1VY_1EL68aMJARCORv70lFrmgoxPSNucnuB5N-RwCsD0t5BuC7TXy-TYRH0RUhnTCF6VCFEKNBr3hLPND_hkh5TspkZBRNyX7sVCIkVFl5rd_2UPA==
gAAAAABqr57xkDLbrp3tCu0yGcQ-yDbHc7TSm0k7xSljEFOS7_ga8B02Te-YWnMFVHuJ1okm6Fh4ygZsfLRuPFrWzTfvZS8aPqphf2-DxN5zcDi5RGWmFDRqVx7BlcfRphD12EzmdhpM
gAAAAABqr57y2MbAOm59JJvvCtdlhd8vF09AU5XjzPgAtEW_KQyFqzmjXLGLtN2yChENHE057hTNqaZoJQOedRTHXfo6JH1dpE3PR4-SI0mZnmmNzrpdXP_ACz8Rzf5ufOq01PT5HZSV
gAAAAABqr57zF6d5aooRNoBFWacjxyyjqhnISNHKveTUW2V4IieHaIZYdFzjnE7MrC3_bBM8kIRosAM-AUje-xPZAIvzSRbCngP1-LaLL4IGVfuL4TEh48zBUKZhYp3ThYPa2UJMNAgG
gAAAAABqr570bi7yhdRsy3oZ2erU-Tpfc5vihn7QBY0mnNdIWTPljW86u9hWzz2C0ieZVX79ABHngaKm5Q32RGLl_oaAYqVwbLeSLntrsHjrVUxNdZPmC3c8kXj6NzzH_ChkYapIZNi0yCtm_tDjhvTJik0ICop_yg==
gAAAAABqr571sxEHNUV_dWLEgjya1227lTWAAy3T9CK_zYOUodcdZf5cNBlNN9VAfPOlQiMeXfAe0J5N9jTWBkYx_RdKX18N441Ig0v-O97KcHD4REIAI7odDSQtk_SnJVf0h_CnabdE
gAAAAABqr572TU1xHg6uO9oKjfW9RKdLV6UhaknZWAaFcR-jyAeAkWWq5ipsgmf-RZsLZ8r-x4T0YFi0NgveQ4QC7h1Cm4yW5PZqlnKK2M_BZH2rnn_plGPraNnbjgQlgCKIPslwP_gW
gAAAAABqr573rC_ji_zuYuASOUDvGzCFCYvE0AryG_BeNHL5TBWSdOR9F0Bhrb4hL_mDqZe6zHTvvWp5b4lpyeCsKvXysLq88LT6elRQVs-1tsxx4iQ0HnOvcwIa0gDszRPzu1FrgyOa6MgAe4sg2W0acsoodGTX5A==
gAAAAABqr574-2jGO1XHPj7GOVfeN0bzFcFfdGD0vwF2q58oun4y6FROD2j3GB_k-U504Gqw8qUBmI7sGE1npwo-_L38cUytM9cGZ38fCFotujSNR7cMpvpuw7LZNwd_DSegCkm7lSJh
gAAAAABqr57577kSBCxmKX4p28Ain3Y_ZRJisi6E7swppg0OZc7UCLNdyge2EPbOwxciEOFth7Wlz7lw4Mdt0nx-_WFedRi9LJES2mY3MBVUdWfQ9AXVDCSk7PXRedUoUHx6g2_L613s
gAAAAABqr576WLP3yzZlrEtZ9ftfoEYsVk4SKYIUmNQEREOEVDlZIZUWWngfZxJhg5CbxU7ykZOuywoOViF3qDxsAvAwzT37Y0d8m6zZhaBcr1sJWCjuq02NBruUX8CCAPshSFFRsT-9
gAAAAABqr577HdJKioefSZ1RDAsJ0Iu5VQ2p4xc96u-saFdZOGpj9FK-hmYknPN6QlHMXjgiLHOGTHVl6QZrprMTsJ94E6nC4S9l6IOWWQztSSmEoDdGIsZRU84s17sl4E4Kb0pjNoHKiE-WhLoJlwOY0VLs5ECRQA==
gAAAAABqr578pnMiGS7DIn5bY1M9Qd-tfyzAdLIJJGIwtpdEr9IYsLYfxVboULk4nZgI_hTlwPmAIIvIHJZD6NB9Ygmx6eCFLITcOlWuppl7DbNnKw7tUbvAqCqH8dDgz0KicWHgikYHal9UsDp2ReiCSrb68e84lA==
gAAAAABqr579Gbx4EPi_0ZaSCJZ_NxyQnbaPgl_zb7qoVyystHGDQYPZRADRZc4xxIos3AYETDWrKh76w0gwgqu3fS5b0sUQ3bqZtlQBlw-dw7Zwm44fDdqE42SbtA2pQ9uIZYu_ysnMnvOXi7Jrq7ADyd6FGfgVvQ==
gAAAAABqr57-KjnwOZcO8Vd-OXlKAhA-ZvY6sXUz2IKAA1-ILay2i6ngs94rBLJ4DeRMjAuFmiO8JSUmg8p6zmNs-V8KofWi9SLzXQbgANS2iQZCzNSDBvuplwD570_-ousLg_cHSDd6jGzOD-OPfXDSyLapYGcFRg==
gAAAAABqr57_9Vd7th4fAQoiTeLZmm0bWCvj_BTLthntYapYQEFYd4b7HLkguECmxXfZOp0NvB-dkQS66FwHiYqiuNZEIdZ0RSIO-kmuVACHFqqrQ5UjliC9Me5B1vM45U84begAlAotja3MB5fiDmg5Fd7ByQQGaA==
gAAAAABqr58ACb3SwfqiV5uuu3-hDFbo1MrGKP09D4_FeyACOdNOLw0EYM3BOldnFoOLzr_1L4OBIu12EzAq4k4ETR9y1CA2ZWcxiXbV1oJYcqzGyvhokl1SKRxeSuXZl7ubUtAP8vRndi93V_j_eaOVc0ELZxfweg==
gAAAAABqr58BqeJRivOkIZnwd25bI7sHnV7ASxmoiQJ4S8R7QuWL22AuuSKLCYRs_F_wDpmvABdGK5mnVlCjxHQSHCM7WpxjeVQTr8d5FKaeIQpRLNjeTlVSUcPXh5q189Ajf_hhYVPi
gAAAAABqr58CZKEpD3X5MNs3Ms_qvaOUoYDIrS_iCFHrundGlgUvLuwhhhFiFRBuaaUwO9VMeIFIcWibMxFCe8FA1aU8VSacrvOCHGypIIloevlRz8HKWj806puQtmbVJNBWc0F3iwO5
gAAAAABqr58D_JXUD6IC_NcHauQBJQkAlEuQSyGiIRUy7PXhokP1wH-aeYXkYFcsAatrde1s9chA7GwTxxvDxsQXTLbsJPakcV2HcSLY50Ag3OQYK4ZB5mG3vnEJjg5whh_2u-6b9_iJ_7P2Hf6BBTThlBcx9j889w==
gAAAAABqr58E1PLfFpm-rcpY4kWQpLVLDmvPJoyiudFUGX1UBosXK2Q8lWGOdAy_1pCBcycKfrCfuov7ir2mdmx7PqizaxzZRmdu2UBzK8-uDQCRu7HGxl_r8yAlwoM-oFRmp6qaez_Q
gAAAAABqr58FprYaXaniRaatZPumuTr02T3fzuSUy46z3kCICoA-T_YuthdVrjpLqha7iNxRDmuSgSDqM8OHL1mY-i48Kl0_f5kz7Fq2zsSHjYRk2t69gfK5yHy8X5-y4okGLbtcHMvS
gAAAAABqr58Gi3a0_hbeZelW3mZzHrL__-biNgFB9F5ssnvvVnFsm0Yns3AtpIw1v5bAKHWDyg3cZ78UcVJiwrLzkZ9TM7OVpNyWiWlr2NfzIk3-8NOIZ3u_EiUv8i38O2QUdInQG-kj
gAAAAABqr58HQ6Iy9YlW97u7wYCuyR4NqBedHO6KK_M1Jiq1hToGS7EjyNbTa7MfNOmhp3c641ssA3Q2g8SiCqBCr3bAUFDfSoWqzj3QbkyTP9oUPpm8ryVQoxlBRgJMRA8l2tmGskJN
gAAAAABqr58IkRxVCleVNxenjzOSvyrqLQCFqyJxf4hjg3YRggt3y_kuz6rEDx5vVnpMBRJReM4SzWtw4EEJ-D-aBaXBY0-6bLju8mopRgtkoFIT829J30Q-C0MLgYY0LLi3dqkXbj4NFGABhA5ZPffC91xWXsn2Vw==
gAAAAABqr58J7C5bkEe-Q8cXPS0f_otBxzvAfRUMSX4cYjqpSd6hcd76xDd7poV2x2gqtL8MSAzoAuN8X41t0BlTD1lEQxATCxgkJ9Ne_-PPw0qTw5UkKgFhCgE9nTzq8d7XpQfHfc-a
gAAAAABqr58KkPydq4_8dJkZurjg1an8znumcupG_5OOKRKfwQ9hlv_lY2uhnqmLZzNOF4vpBigs41dHrfec9nDBq6aAQ2eLjLJDCwuKKcapSM3PWszWjAAA3Myh3NduGw5ae_ZarJgUNcdrpxkzpoyB1Jk-tuuEAg==
gAAAAABqr58LHISBV6k2kxnb0pOjskr_I9zhvKWvTyDK38Nv7IADuwHeRDZZKch5nekwjKKbX60komaC9IUEVfbIwodr2KT2YNrFmUwXUaOnk3yDvFKpgc6Qe24pW-2IoHYQxxF46ilQ80ikUlw4PxrdMUT7WVHIsg==
gAAAAABqr58MLEqqMKm8XqSmpIOP-UYn7QOLmLK5dEJt4zi-7pkG89jqr98wGpQJ4OrAMZI4Wpq4Q9RDdQ_6_kLQgUPICayGCKCxmPcajPDZNB37AYzaZvusWkqOc75QvIf3C43A1TIOKdc_6-xUvLJGTcOHSz0Aag==
gAAAAABqr58NBclR21ft1v0QgdpSdjPCUkUWFsmOwVCljGa9FE6oHHQWCeH-uE27fpQUOoxYiDtbsvCcsOcI-6lLazfwrOpwS00zfa2qr6bHWmjspEIM6LBdX3gUN58IqRkfJ9EFoV2q
gAAAAABqr58O7doHg-YkezwBkrIa3LmMlofZNut2czjGQUn3_YCHqySenlIrPpKGV1ZDOZC9_kAAMJzBTyZixB8rTShCJWEV3PSxFxG2p_2I8t3KfpZObyc254mybprgoAOOJavuuerXutW-KkpU6uRq-jPOHntOCA==
gAAAAABqr58PIv_m96ALCin5BQcamh141RFuPKpvD7UmqOJQS_R5quBgs3q_EgorRISLml203eEndX00CalrQsDnn6O_kLyj8d-7QCFg0fqUeTakmtm3wqIO39xE3l0uAqfSyWRUxNKbhGm2G2D4KJg7FGXqGwlqow==
gAAAAABqr6aHDDzobBRLS01rN7fZpXYYQxmFsNLJPcNfPVDwbk9hhfTccgTjSkE4fX_5nDGrhQ7pMMvpZsHJW5OaNssb8UTv95S8H12Iq9-29ESO2zTgDswrZJltauUM9qiD5aO30id8yltfX76CgZtfIpGr5di6kw==
gAAAAABqr6aIcK6blDhOKYxVAaqoOXm-95-tSVlJvurxMXRXrC0iuwbjcRyxYqQdahLu99bPbpcjj-btHW0XeRq1Hezlr0_fR90bqcGWgO3XplZpgKCDIUcnIS_pjJe1o2nztVgF3r1kiFHuxmLfBXMu5XM7ryebiA==
gAAAAABqr6aJEtxw0lyzS5pn6VSxi8P-SnlqfWZ6p7YH1tvVzJ_AEQ7X1Msgps8DjX2L0szg2CqGylz4rIPT6uzgnjCvX8KdczkxvWAAvF4OV4Kpm28EosMCij3iWIBpB0Lk3Zx8dDrm
gAAAAABqr6aKHzKGq1ZFPyfXLniNtL7vh-lg-_hp1Wd5oCShHcCUDO4Ct8vN5EbkZgo5bAzydVo4JPtGJsS1YZlzpoixe4ZtHYuI8yOlYajL-cPBuM9AbnZCakO4F4zPQPW5VAfTDpKovK30zPZfxsNO-ZVhV0MC1Q==
gAAAAABqr6aLiKCGNF4a58Y-DY2hRGB4P6BCXVbLERrvPRnTeVoABg4DB6Mms1uhCpSssoLII39vkTSIT-YKNBYkKtBi9h1lv-R3IsjOqZvMLNNKkw9jajh3MAHqYvHIRaB_KgJE4DGnhDIRL9jeuVKl-3iCcKPbcw==
gAAAAABqr6aM84us9tF4CKY4aKu9tF6xS5Fsa7gBJWYXGR_M9HYXnc9OMdPq7uZ6BXBNPZmRwrGX5erq_ZpyslbYygb5mLkkAUHVFW3ynTWQ4wYWSE2TfwLD10H1X_WWembPaLfksolH
gAAAAABqr6aNRRfVwvAbfInOBkXOuQ9UUgTcpc17kS8IfQme1NVkV5ynjYuo_OR0uik8NQix94TKZG3AOZ2ONIiSQr9k0a_TdEJZB7qgfk7u87oDnPetO5N_j4qX-Cz9NGYwKVshP0fbofzXtEZtODb7yGbs1-IXGg==
gAAAAABqr6aOgKiR363uIHAgl8lvtE16PzPnhy4HwCAn8WI5OOOdMjSetUcsx_UM-bo4D4sqaqarSwBf2bgysH2UIQiQb1KdM7a5wtVFDpWG7_Dt7R7vvYk0Sn0u3dOH9FOeUkD3ZtoiigwrDNLUuzyKsvHXX_Yexg==
gAAAAABqr6aP93chfQeD-BE2nYbJfEcms9DMzyUxnNfr9SVFN9Fys62nEA-Bun_KMrYfIdRb9QbqYk8FOvvt-gknOYx8AVUrQUJKH98GvpYV1wZib5h6MiMBeyet6wqZX1QG2UlM4yES
gAAAAABqr6aQK1-lFkS0eFV5dHj-_YXeMTw-2fsqeaTAN9b9ualbfL6vfymUGeeW4MEO5HKyDS4dRROO0TPebxVDJArmN7i-atPXmX5GV7llDI0NosYZYCY_chaulQNZss45c30Z7T8P-s8Pu55WmYDShlVkMjnyzQ==
gAAAAABqr6aRqvd76b5hv3SBG-LABKhYjZ39zPii3MNhGx52UyP105EDmVVa_2ZwCm1tyiodAumfGfFpcJgdhCbqwGCCs6is5iFqpEG2Wcphz1gQ_JKTm8fRv-PMcb-dcjH1aVdJqkGk1FUzlCwHu2txNsPuSLSP0w==
gAAAAABqr6aSUyLY8dmTXa9mFF6tloAJxb3UIeWUHMTJbyCTsCo0TqvVcfkfArokJsyOX-sQ6uvikuWOb9NjMbLxbyvIMqHxIse6a_IJUsXcWbjGHQcmU0WWtlkVku-uydxY5uQwuj-s
gAAAAABqr6aThCL-dMNcObIMnJ-GIiV7ZhVf9ugYt-1MVwVwyFI9y4Yqo7Qkyw_9NsRMW18wPmURGP8tqsub1FPL8D_di6iwHLM3Cf2c7omKvngJE-wKKMOxzIvSmqXCcvMHBuyNaPcj
gAAAAABqr6aUwKfXw3ZjrYtM0-NHKeQfqn5v3bnorNkjUH9P7YoXzJycFZfkAOssPEk-I2uVkL0iZby21GY1dukhkWb0cUZSDjUthhwW4ApKCESkpa6BkCVtRRdacOkvqeMG17vtX5C_
gAAAAABqr6aV7sOQ06gvsjh9OIVhUpMJZ9z1FREWPI6KffqS_eVtrFCYPyOIMLlpfVjoLBYU98XAa1_UDCTXSVzSu7iI7UP55GqPKXSy0_hnjnHJW9WmODLEGBt03zs268mtyJEKYnYN
gAAAAABqr6aWTqh-a2zoV9LJwIIvt4F9RrikkY9kdMTH2m4MPj6VOvQrJtYIsx598R_p5OIDUQmqVDP2EeiTVPvYh-5_7RFAZrdWD30y_WFqNkX3-uI0tDcN8uvYqxtJGin0v2L01tg8
gAAAAABqr6aXg84WhMfaPSmg5f-V6pT4YablLglSGn826ME-bYwTkS3WbBEHw8aSp8tXGaanqDEFUyunbF4NnRZDk5tA5oN20-tTI6ffj4TUAMc7UFlquVGU_XC01qhmEAVuH-1YutPoVkouk8Ipstqz-hRaNlnGwg==
gAAAAABqr6aYaQb2tFLvpPDGwEAqY112yGtNAGS0T4R3Pp2qgs6ulPczcMp0-4Uwrn7q8D_U6YLpGcn_Kyz2DZ2p95cTiVcSfuU50c8bsN-mQePH5AqZm63LdgqkXs_l_jKL3MP0ewVkJo0ModsYPMW5PDdAC27AKg==
gAAAAABqr6aZiAhYf-1nXZ0efIJbqNHSy_uTD904C7NqfYnSChbcSDxLXc390b6DxLcj1s4T6R88tiN2yfAh8A9PtQ5kIkM7FMNZYzxw80-lbqgCt_AtyVP5wo3DMR7UTnz_RHJwmii2hcJPaWM1h6CJ-Y0Mu1JNMw==
gAAAAABqr6aa7ca9m9_wANhqLpBlm6ulKLrRnK7za5wA7o1NWyHpQMOyo2EoXc2o6JKLm5ZsmFVbvpiX5e29GP7UDbPTfePalE7GknDFeiaBE182ZrqclIDDSl16vnYh3KSMYCOGEThFhVEwsJrkmY4cyKCKknD3TA==
gAAAAABqr6abHfQKzwfafVpknKcB2KgR4cckfMJxCq4S3ZzdfKBgjXR5tFsZyjZsgJm8h6bTaAdA_kmB2ldS2TDLKyGoJoGisI3DSeSbmiM-rwIpZgHDHnsxKH7UiLjFvrbhF4OjcgjAhYMIPmu7D21RgWzqaX_kMg==
gAAAAABqr6acBKxmMEtHoJDmgsgeCyZjtl5Y5LYGKQ31LZjemdxpJPT0RCFzkngnpUvd_gSdtrbNMdAHdBxPKGrP0NTBQvQt-0vR8Ru_BX2uqdeRAlgMLdpEEqZZji4UsZo0B6euu78iaLIFr0oUEQsg91n8jZBbmQ==
gAAAAABqr6adFu1GNH6JU7DZawHi1j3o6J9eiiptXSko-4ufIuRvPHFKR7__a0Vi0EEgbcPmKnjInFrc-WljVHuGr2Dt1-9LBiuKO8qlSC2goS8sHOvXkvlVvWfQTWXiWdugmPjt4NluHCG9NZFsIIfz1ikjQcjGuA==
gAAAAABqr6ae_PwanDyiXGKyfe1_TBj7FhSEQMaYBGt2Cs0n4GD0BGrqSN3KzX3qW8wvPbId8z56WRfwihtXmoQMgGzt8G0CfNpfed6odlJzmxTQIi2AbqIz_RxoYE4ZV74sxIrXvFdh9aLTI90_YtyBnjqKk4DGQA==
gAAAAABqr6afejSkygsHqCuwxOfsZMbzvsAPKLPLBmJ7egJi89tSqTTe1XuwkfbbZhgRL3IUZy9q0bxRuyUIumgCwDtoZ5ZMEax4qwJ03WlB5yBDKXToCIHUsjT0UO9bi9WYGaWVzCRGDSKklxfZ5AbdigAVV_6OXw==
gAAAAABqr6agSC1WKW27UTG9zWR3GbREhZtU4VnEv-sHZUfeftrDR4cLpi9fwPqCq_OM-HdN8M7weyCvjP4X9brTrbcc8OaMT4_vRHJcnYsJzxYMkqGdWt24MF6uMufNcUb2KxFuWThZ8yosKseCDeOS4eX8JUaQDw==
gAAAAABqr6ahpKpj0lsg642CH9GBKeE3SmHwx5HNWTe97hXAAXo0Dg5DV--ZNGzGpzYI4MH2n1X-7CbeGLrbkGxAthwASvLb658sHVD-yaVnWCHJvLMIFY93FAbDEVUH7mLfYYxSChwhV21KiWSGpIq3hzNi9Gi6nA==
gAAAAABqr6aiArHKdfLGoLBhQOKiWVpGvzprvP12tq8wBlaKJFQh80nuKnch49pUaia0Dh9fO6ZOaUnk6uB2RMTwd5TvyNLleRGSUO9ZBiEzpWsmI_hJZdp6ZD_1oPjZtn0u8IeGejw2W5V7n9JHPwhGJSy5Z7gI6w==
gAAAAABqr6ajpdcsXL_WsiOeR7XUyNZZlFv_Z92Af7Uok4BpnTDVATC0V7zI6L3VceTM0n2iFgqL47_NOm-FAog22c0R2wSkBaiu2iY-xdKyVxMZvP9U-IbahmxyRpCOZBCWJM0wUSYO
gAAAAABqr6bUzX_7GCh0qFHDCGfwW10fyW-Sy3zraIy8vnvz_3dXWtWP8mG0E8XQ5dZOkaOhJYwGnp_bAs7PmEGtu8nKtxKxTp-JHFlKpKEgBLO-9V6MFhPI5DoKmW2J1Di4P69FGMMTPvbTjSxp7RuCp39DJn2DeQ==
gAAAAABqr6bVmqUJWbdsecYhQKPNKylobEzjgmHS2WtXIwemhTQUdKCvJ0ReH9kKKIfYA0mlGvEMa7T_fG3GLzaYX1b8u6K5-y2MGlTe8DQuVq7TofW8Bmpn_ywQmRJ5BAhL0DiNwbJPqAjDfJgqu5eV7E0Dw0fA4g==
gAAAAABqr6bWii9qKQek-Tlfw7MCvtw1r6pRCPlWIt03CZBDYwtFnRjkb4zbwf4B9rYbp8jBIEO8sJ-6nPntkyPsQgkJqdwWrGbv_czFSP4lHc9GPtGErRsKHpleNaoVKhmRlfgV8qnCBMEzIOh9pchEnVcbQHh-qw==
gAAAAABqr6bXo7q-64BHuVbtqjqBObl3ULGYcdLaX-0-ypExLm3kwcVtgaYGuJ5hcW0bBIQvnkMzqxZrFq53GcdCLTpmyzvXo9S-ZMtPpR4ijELKv4XLzZ5fd0XmMvtbcpLAKb-g7cFM
gAAAAABqr6bYGW_xLdndzC5Pr1BIePAaUnL_IaoKAUB_tLFsg96Qp7hAQ0E-nCG8tiRo2x3uOEKKHS9PTk4UypwoTxEJjHXaiHTHBXDy-PmTPB1Ky5-H2wNeVqHBvC2pztBIiDkEXo3lHFnZWCn8uyZA07ucVlmuew==
gAAAAABqr6bZPV_AbLVzHBTC_KKPKMyg6zyjcR0-KC0ChQTazwvHjBHSM_ph6sCYBYddoS4I41PPQ5ZCoYg4qjslM8Djk-zy70NfiC7qsOWdQwxDgJVBqJIE711VW3I_iOA8PMGTRsZ5
gAAAAABqr6baLELFIRdpgZvTwZbi4NO0Z3u7FTXgDFiHHhOfUIUdm0jKFBq7_fVSi0zEg3I5niYSncd9eO-f_B3lQ9FGdxO18EJm3-7wanZj7Dr3CGCOgMUOZrIKQTRLmnYy1n8QCum8fuOUk-Vs3LCl7k3_M9Fa1Q==
gAAAAABqr6bbujy7JZNzfq8tMZBHffsNC58F0otFtyer5jdMN2jgvSgDCc_RCe8KdT4kLagZ5Aiv_NiVba8E7wVJcHGHkSVZ-BDbjheK5kl-Qb0J75LCzeio97M9POq_jkA6cgVKyXwZue5s_p90Kjkp0OMl9WHsxw==
gAAAAABqr6bcFSPqKYb_VrkEbZEjyDRq2viW4VcorJuPyyhwCzce8ZHTQ2rizi2SjRjgmkv2lMYwC6wGtjdBgbRfhd0lmoKdj8CvC_wyi4YhaPqQdn-Ks_4dc7X5tjFyp5dmqN9ZufC1yS46W6Sv2RAHfn4tjPBsUg==
gAAAAABqr6bdYtJ1kf0Evr7t5XdUCYKN648pivTxUsaik4Y9uDiPl61P1twFdsFk-LeV4DH9BNHT8OkbGLUpFqIuY35XH3stoWUghRNTsL-cI1Y1q3c0nUu6omh3BnvwvxOfQjBBpnDGkY9AAHCGMCAWWlVfRXSmgQ==
gAAAAABqr6beUC69fg-D_A7wsbpp-Q_J-cwqd0zojZXfUfBG2Z-Ga0gxndZZTtp7CVUVMwsEctO3a-rKQqdW4nbQRQOjtqFD0YWn30ZZqwgZhN-XG7rvpDZSTcFlt1_qT4DIFUBoUvu3HTHX7cbJmhDo1x0Kf1_1xw==
gAAAAABqr6bfF51RXmayxqH2zBZ6GUvDN_uuEVjyFUrXB3UQJMebGMpPpvgW8RZBAuSc7YmMKQjE1A30RXvhVcMbA8SAgNB0InNxa1BivPysNDkPGzKYxM8X3uMP3-s-j_7iklWNgVZaNqIP2Z8VSTTPaI5iZRLjYA==
gAAAAABqr6bgdzr5dBj-dtYsECgB2dOQCa1ZGkYq-1sIqbxHTWTguYl2Tp6rJ02V45NFvgerr71vHp65SesFdibqtUuC4rLY5U5jpEM1ajl2WHJjCMRgqXsCe7mTMFD4l3nBltkSuSxIRxutdTo4oP_UsxLHS8Iodg==
gAAAAABqr6bh3gnB-1eb1_QieF0Wzhzvp73EWwsbGG_Cu-jVaUP0mDd-e3jFW7klDpsa1UE7oQ3z8BwHC7jaWIGw2hMrMtWjHEORHpf40b3MvactdR-V8O5N42SeAPtInZruOOy01LtR
gAAAAABqr6bigA7jWlnegwu5zuVxNUnUxLctOWWHeexptOCp_paizFkl8pMCul0SnExh07mmuT3h3z_vSezUPw4VvTG8Ah-1Y8xHUTKHkqW-ny9HhbLX0n5uQ3dyoIW9c5hW5pO79U4vELw2WGTRxhCVcgCVP30W9A==
gAAAAABqr6bjtIp-1CdOB0YiPL6OO66YsFRVjEeiwcniGHjFTzQoZ-Eo4nOjSvpYNvLSvEFxa4O2jZU09CLafr_ofbqeyfRu1zr06h-txdI-HhOQaSzsot-WdDKmVVgeoHQVdURu56g_mRMxvCatPMjQl7gaRWqPzw==
gAAAAABqr6bkFlUsNkU4itfbH0JIBX8ztTqlnJlNOI_DPIA5rAZDXCNRNBXxwUMUnFUlb-XkpVEnI0QfhhPeZgp2_u0NI_QoiU4IRIfVJVvR8ri9dfymZyH-rEffPW6xFnHFZ_DHjnT40VH_jVAjvAeSxt_rSKld3A==
gAAAAABqr6blD06ZwlVgbKNhx4TZFjc1jvs-pDTTh1s0gJ-GX_CnA3i2kd2aEP8MrEqDPZdJWghV5j33WOmzYj9MrE4y7gaJKv_7on09w-kZ8ibEplKlEaZIYMtIeIZXcMaPrf3q7Mpc--XMM7cCjXBnb3MdIkfPOA==
gAAAAABqr6bmF7S7iHOU-o10UYqDkuTtbln4VvwbGxQCIAghd0bNq3tKf1UJ677DJp7E2NAyfkrTvuFaKmXlU2Xo62IW5Y6RaJ2NHJewgcoZUgNDKn8YgEG-ecRS7YgvZSm_oT-D-YeQ
gAAAAABqr6bnhYsESepK9hCRWARNmnkJIUObr52dLyRikdUCePvYIYeduGkCC-V2Vq92TFLzCWi_AszdMEJOnHqZrQkcZC5YUII-7rypAl39FwGWHXzzOu91ptI_4fCQ_XjGwplhxGoqkrE8T9bBIdeIexNwt5aF_A==
gAAAAABqr6boEJLxNPgT1mH2bTTaYSxlf5e3mj57Bdw2BJImSH3u1mgpiH6ulEwUpuO_1xvjW-PrELL4Pa1ON4r0s7M09EXuf_3HT-RGyPvF_hhs-biBnZck4w1ap8eSjK13qotCJBC1krVtnr7RbSKXPYyfc33fXQ==
gAAAAABqr6bpCQgJsm-qdhMBBgu6BxQ-RuZAb91otz8VPFByWjgV2sGVCN43hGqMQo2wXEIyTuLs7R9NtXFFlsfo32M7eSCkD1LWlBM8KHuWjBOcJUm6pAOtWdod4RgpRSrrfu1gB39DFcGUsYDOZZmM-ISyqu2okQ==
gAAAAABqr6bq_AACeucuw3oDCkJOn3DyErtt-erk5p1rgcxbw975_2UpuMkcf_iHcRmEMGIaW8gUi0-ajD7YCije9b8BXseQXI_3b9DCCnwQbenwj7XzrGzwpazFTksX717fMt7-ntYTBwv_xAgzJXtYDQywbPYudQ==
gAAAAABqr6brKfWdA1-EhVZYVyks-IShL9cqod_DgHMRMjNMlp2lTFA8OyQsz-3RTlQIPvaO-wNW66tlzgzzBkOTNR3y3POImDUkUfdlyWvuOqDqm0dczCzCUEbw_5naXFCjveAGtY7mElB-f-bve5_waRaYro6D4w==
gAAAAABqr6bsp-MMdYXVcwNsN2-fw9TsYCH10YaYb2RbVkxV7YCRTzPVOPspRlTciYfF4vF9cOBc_HDMLoGyATKSin7x0h7q-ZEUjV2mB00EsHq9tS9OmLBEoy4uH-YJ-XWcBxCs_Qchnp6K88bJ3gXrBviKtXASqg==
gAAAAABqr6btN-AAZoilnyhfZaxU8CB3ZezS17jS6u4BS0BmpzriVjAcOGml_cAvAtwGA1NypAwXt5XPBr5B-VoPZ1RKCiyaKvc-jTdfb2kfGlS9Vh7fjumVW2s7TITL51dbZ-DPtPLyGUxG_KerEps2H6eo-5NEMA==
gAAAAABqr6buMHtfzhbQy66WWdwzMTfkIHibuwSRv8S1To9BLZ9_an8NICfhADo-tKe3PU--6xdxlrkdLvJCanv7qS101DKbhGdJt0-Xg21c3JTg1hFy7XdAUtwwVr4tPm47032bdkl5n3RjTK7rtSc3Y0oWNVSPXg==
gAAAAABqr6bvBBF6HtXjgpmsuslqFpFQFm7TGQpCi_kUF2bgQ-XKp7SfeT1QoO7_Ns_0Am2HQfjhL9z0DRzcI_x7_hLZLXai3gv-WaWYg8rUV7uKIL6I1PeZrpwFvSsNMdgZ0-LMSTTeeARGQRVcye3GdW2a-xaD-g==
gAAAAABqr6bwja_06zKiUAmTHXPOSCO9Q1hDiqjW2JZEYyObOlyh4Gszexp43hkilxT6s_mlQNjlLlBXGZXIYat65_MJ775VsG4iPltWjvTIuYoRAvHG_1rePlfGFHgQuAYBhfh7ESiJ
gAAAAABqr6bx1O7CaZTBnJGPJWUeSjJOXXNMaQUCLivGh8OIwjZKjiBuD-RJ8pM7aXuKUafhDGJDUB-hqS9Hv-QN8plbkSqRYf4-Kf_QqtWjdpxAaiFExiz4ALtKgOETZd0BRZvtx-Kz
gAAAAABqr6bySCKoEmNTdfZvKyYDdmx3pRKgeqmPDMMBk0J0uAd74B2e4iqgrrxAFu8FGv2_F8Q8u5DOX4d1wijoOG0WWM-jovwdnA2CliEXXWtGhCU8qVtmzEHm-yChGK5985blXCeC
gAAAAABqr6bz36dx-xtiLav4UkXMBJl762QgB4Ech7bh_dO77lRhWzJthV4aQ5F9Of2KFu0uDNDxjdzrtkV2Ciuuw-IBJjX8VDn9EojfK85DLXOsyPhEex06mbpbDBCSI2hM1tDdOoYL
gAAAAABqr6b0-oZ_ztfTMnRP0fmABJbE6p8qm2MZarFxU1iCNnATxhb0adg0ba1LpxniS5XiLE1vEuWkDr-L3jYfPrUeqiG0Zjpo2qDRQJvi6BtrnBJ1j2Ktmmy036f20GxIHLz0JLpY
gAAAAABqr6b1dTEdq5VIow8tYdspxZ2RJJkGpFcZnyWxR3pG5gvIku5ao5aZefqiN-R9OwoaEfwYjA_Z_Z7-hwfESXay_Kcvr7hYDXLIvF5UB5si6Ma0ljoX8GkHpfPB07wq2mjQecKn
gAAAAABqr6b23RZwE2K9uBimIhOuN-CNCLyAUiOltu2GSpzWZOn3Y9LRjtVVTIyW_5TLrv8y1hoRc6xw8UOMVWxaf3tQRSZOLXT4E8gHa-EDdm7opTkBUPBmXDpZ_96UtvhEQR7dlvnO
gAAAAABqr6b3U7VkQzScfZCU_bqTkyHbegOkl8XiZDsV1wMnp1z9MScNkWss_95pKJyZikKbG8w9V9JmWDOvckRBSUolUf1OBoRwRpykbIUf4V9zlfvTnhHwH4Kd2kInQTkRbwLXWWYn
gAAAAABqr6b4L3x3rFWJij6sp88ERG19smW44yYtAjpRmWjhYFSIN8gMmgndiirpgqFv7RjkVy-TiOmgNoSG-c-RwxxXbCkELGEM9Mt9Uer-aq9dWlgI1pkjXseHXbIskpJTTVcChUZf
gAAAAABqr6b5Q032voKsp_c7OTl0bwwFrNUyr-cqZy1W61KeN2wm2yKW6A_HXkah-X8PKPQHLSwYtAiIOdLUU7WJN8_zxKFebnPHsTN8OU7sLG-QQvZQq5K8IXSE8yKkV4vnZW575xo7
gAAAAABqr6b6PJpdWV-M1rWRQJ6dth5HxhhbnGL1ieGPAhnI91hI1aWr6wvB_KiCunC66oVTWkGqGZZ4Y4e91_tU88qKw2I_SLL-YhBLpiJClOr6rLOF_KLp0YsfuBF4BKtR0GJ3ZMmL
gAAAAABqr6b7GIxqF1ukTuw7R5-8LxF62H2BxrI0SUn59Yf6Bw4hc8ff20n6xg-jYV2VraoTrVWuspde_4ZGAJ8T-PEkVy1Iplw3uBY-GaXQSgDMZmqpHQ0af251O1vN-pTE7XrQcpjB
gAAAAABqr6b8VJEFbm9PV0lM2XFh4OXFZ-Seadj0oDt3uq22viajdaAvmmmgtMnu2ntYcR9EA2KcheQI-PfiPW1Qnh9ALAlLj7Pgp-X0EtzkUdzpURtPC0H3vUCl_xIX7yrbHmyWQMC1WweGHK_cV0neO3BqyLV5yg==
gAAAAABqr6b91e6GCnWUwQenrJ1TyIbpdg1-p4LDnBQaht0qvXDtnDy2sbf1gse14hZ_xO9MTfUHz2Of7MmVcHMHp2JGZ01me5O-x77wfQ38qh7EF99ltWvlh42la7yi6ZL-iIlrn6p1kWReTNVsuW2mBU6SywWTwA==
gAAAAABqr6b-uvZ-2qJzn0dF3Qbv9v8n0jOLj2bfxQHFanTCAi2l7WR_N42N3cr2wPF6TKa-ps6SnpO3scK0v4m5WCZwiEs_4co47QLHIYk-UF3qS_wr-lVq_TvCb4zo7rbFr_ctHnTjnHLbmVlTRNllzfzjG-mUFw==
gAAAAABqr6b_7Jxjc2KVAv3pSJAE5PM7zLTdJUBtLpczhBzxcdpYumpQvF5bI_uRdjQb5M0z7R0JUg1nwbpee__iyqUqOH_H8MsQU3K5ILUsesjmqhAf6E2ki0Q3AGYpwvcmRBXzlI9lGZfF3srZgO04BvEKHEqbWw==
gAAAAABqr6cAEIM1HEIQaVdeEtTrA-0xnhCfCeyn8AixKm87eO6NGR6aYnfNqGQWWCJuS1teKkgI_GcW7sO7nBk-_ZtL9ahhFmJadHVKBive7C6Rm20isNlzqLVmlhoY15bTMYXkWi32VQWsKKJe_AHT4B51OvQczQ==
gAAAAABqr6cBpIhWACQxnnznUn5hK1O-t2CH8A1sMSETeFQjxLJoV0bFXlCSl_nK9_qKcWlLpfDIcsuKEWnVc3V3OpdvVDi_L3lfN9f6x5KfGlnUDw3hVEzrS3AYHKzPVMro_ALRo7xm50ZH-ScxbMJS9S3yDpXP-g==
gAAAAABqr6cCsqZxBQh9mUvYFE3Wvsz9Jy74SYb5w9Dju3FP5dm_UnXZnxdaclBG4w1WcUcyO0_aBR1kjmR7Ahy2tg50OncJdhYmKN3Ex-Lso3uKE-PTKTJX01kFuCNZsbVUi_XLOZlybD1EtciIQm7r1dBT-1w1EQ==
gAAAAABqr6cDrIpNTOjdFpCTEBPtcq4hPY__kK3_kYPayhzXmvTcQNafjMyhC9w375ZK4UGNBvqwq75WFA8B2IuvIWQNUTWyYA8y1r3HJ7KphrslYpcdTVQVBD1xYCefOK1YoPJCe_I8vH7mONM5BMSzAk52LOxlHw==
gAAAAABqr6cEcbaP6kCU8WCEFGSny5TmX4Ntj0rv0GWObGDOd4c5NyQ9vRTIz9mSEvzrx4T7a_JkUKmNhONq8AsFBf78ZW8cuzGMVG0bVuFAONEGtNlAKvbYlseSj8sz7Mr2iA0bDpF4-slXWSgLkIaReOg9cBoJ9g==
gAAAAABqr6cF9q74OdP3xAbYXpion6MUKTksxwaiiSVeHimFWFzEyvU75p2rSMh3qg78PHrh30K0LkQdof5DpGtTKPBFHVoubGHxCY60F-hBy1QSG5TarAfbcac72YgBuNbLKPpemVMJ5MPEbL5K-8pMGcbyiPmY7g==
gAAAAABqr6cG0AKGVwwGCCFE7MD_Q8LRWj1L6j_7MSvWFyr3V2U_Dx0V9GTP0ZicOXp0aJuAqUAP0ps_xOl87muEcMbwBxuDiEqEvKHYWR9Of8RZ54xkeZ36guCZc9zdWTyUIkUP8U1isoEAudL0KtUptqMHqX1KdA==
gAAAAABqr6cHCFhV_V0fR7NOcCCJxtCBFxNpGCNiRi5p81y4olU8EqylavQQMECl5dEARA8tI8q-PsQ1zoM3pVjQatGql_rZMc_veAC0XGP8wcAvsE-XABOlewT4J9axY6QitAEvnVRX_TWsy5MgKQPXq1pCzEHKBQ==
gAAAAABqr6cIrr1Ndv8MG6brqUFhFE4CkgisCmp_0xC0HQlFmIFUaCC_BVQxWaynCIxQMjUZHDzePXOSfQYlruOsyt98iycEopEWJt_S5bAdn-clxz7b9-3T8e4_K3LXWTagCGkvRv5GSjBt7JpEoSScw4GvjFXP2A==
gAAAAABqr6cJYD5_W7NE9ajJwZRjbsS-4077F0NRAQb31LjvZZPPa-csqsc_lStZWfUB-fHUswvWMmSccCWWrRfNNDzWw5CxLZUFPV8FJNcBILCXgL6OQWiyTJs00MwRfXyqIwXqv82OMkHYKfrPop4K1JJ796Zf1g==
gAAAAABqr6cKvq4HDmngTn9nQFAA9LwRCnvZ0NVKMrq8Ch4SfX4av8g9AWtt-1ZpxP63FWNh1VozGXDTBm9tEiY39dVAycywTVh2aM9_insk0zoHyAZlTFwgvdpSTX1Z0sQMvLniuMmB21lEVfXetbrBVuQdovKiCQ==
gAAAAABqr6cLl7qeEFtxq8ssamRuLRz6Ygya5q_f-SrND4f5rSL_0up3xTS-y8C0Rk5z-foIgt6Xag-5IZ5n7WzkLHl777N-Mrd4LIVqxEWKzM-w_fJWVkCDfCgkonjyCQSJ0-1Sn1tpCLBO3CQ6eCkWqNv183aKzw==
gAAAAABqr6cMxlH6sxGDUKV92BQ8CWU1Y_sYqStlTTsTpF9FiPiBvYPTSVZ_WzUX4BN12x9inFRSZpMXRiWjv_sGwbfWKieAkwrLei9TJMhXSljC14pPNcxaKK9uOhKFzPyuiZf0b0_Yj12KPceK8AeI-YSSbnmqqQ==
gAAAAABqr6fu4wr7PCVmeIwpbDKGS3abeJjdI2mO-GaTP2Ueo8Wrz-uqTKAqjMYZQiaPPNN9TEcc6B4bpPMIbYvJz8nYWhTcoFPRJ9El3GfHfZDWMegwRLhweecvr0y3m7ZZN2j4ERHrw4teoB0yQtisSw4YmabBDQ==
gAAAAABqr6fvZgU_InTM0leMQsdRlJ7xFXFmN-kktOzcAsBj-ifeq_U4UZaAmU6nNQ5GdrOVe8mmGDCXU8bHX52UsYyGLjykSRFe3Qc1plDuUdHN6Tti-t7mpJGv9WqeEHqQS3452ABJYIQhBPsTneTFt8m2gwQz0w==
gAAAAABqr6fwdnIEdPneJCC2D-BW-wWM4RKy2TQ8i3-1Mkwzql3Yxvwu6_aqVMaQd_9ahS2mRIiuDXufPEFimqSRLdMS1mHFMeio9PdGNMDxVYniAk2l_Fk94UsrMbl2zDFU9ErgI4_Lu8ODq6jyuIjusJsYopThyQ==
gAAAAABqr6fxODlqzhwPKMyRtmU0jVRWo1UpyWegtsrx2VtpkdNWO4vOLebbiJAhZoMetmeBiveooFnTtrRKzM6ShXABxQ1UZ_ILHX-C8qcV9EdmvCtjQA1yG_IIPZNp0fm1lBW75S56AsQ_cPv0HxFLqy-rFoKeNw==
gAAAAABqr6fyrW96MWIxvSA9rzd0oohlTYgjsCtwnSVjJ1rBdBZIFiszKL1FR0KCKX_YgTE3NS1BN38QLcOqW-RDowbgUs0duiq2MCVVWR3wGLORkdMg_1hFzzPsRGuNIAhhzNyAW-OZvBvV8S-76TE7LLPfuUyVVg==
gAAAAABqr6fzEsXbEIn3kAA0stUjpvolBC08pIGcwlFR2eD2rkH2-6sZibVp_0fbqbNeX4A3oTjCVnBiK_Bq9bm-ozbE779Rmsk7ewJ_vxcH6YZWgxWpuThYQqZ8Z3uDF_hyKIjO7Dzr9EU_4x94HgwVb-1xO0y8Uw==
gAAAAABqr6f0C0eX0C4F4h0_ln2kM97YrYzN44g6_TahUQfePjBXQjMJjbOBtdUkmLZNBA02wL8xbkDSXYqCv_S9UYD7tpp0M7vNMt1v0BF6aceCC3gJ9dT45zGWPrmYpcPj8UY9s4tfgijEYvJsFPLnbeCGmLXZEQ==
gAAAAABqr6f1OpazVYEcYhJDD_NejcS7sHCALsj9T21-rxbunJT67_c7XZfmmc7Uu7GofUQh_0i2mB-w4_qmuJtEjlAWTEb8hCug-b0bRihjYrS5X-2_E5z0HaKu-ABisDf2pOSJ0ivi4D7QtK5EV5_LTGmSb3pOZw==
gAAAAABqr6f25GhAJfCDMynh9wUIrSOAYgq7sMjGci7SEhoHl0skCTDo2LEtQnjqHIZrVTNR6eM3DeZVg0bQ8Kq1Z-3kZwdzSclrjOKbm4APQikP1LteibVCG3m_0tsQAH4CN_sjQekxjOR6iM4jEl3EDuWkaO9n4w==
gAAAAABqr6f3LmsljvwaZrItYwLyqHwHWoOjO4N-UnHnXeouCxCDcz2wUJHOr3ei9pHQVyqdljTs18tidt76XrdgL5_w8AnVr6U--5go4IjH9b3I71vP6dl1OGv1TGUINOs81wO_rDGCHSS0uDxPyVpFEZyBo5TR2w==
gAAAAABqr6f4JcR_kZjLKPKMTRSk31jK8kQg2RP0c-1gsHNCeJLCLOvEQjPfl2K5E5VOKhM0T2nSCTbcT3hsoiIbSQ5BRM7pPkd_lG3kG2Y1a2xWsa1_0a2Ccp1nSJ2MJIsVl23GNTac0IJBJkKJWeaMgdjDn4wpWg==
gAAAAABqr6f5BpcEN4lMyEZjVvNAA9Gs4XXjnlrK0wEkwJN0bnMsPGeUTWRHiMBvAUooxdUjPm1Cuott1PW92fosiPDlTzsIjsEvbGCmFrr9Ci86vQWq1IRvoeRVW_x5bneKUCPtqj8HyKRT-Q2u5Vf94IJANbUmtw==
gAAAAABqr6f6-7maNQynOPc8EvzHWOALFd5cZRBdHi2Y39WSjyLCbhcmtWaRhSDdSrVGP1TdFD_2DfXcljSmPelYvnLtegekfaerc7cnrl1cnaAliMkvDvV_RCR_ZARD2CwHU9YL8UWSkD-LVajLDKCvLMOBhwWqOw==
gAAAAABqr6f7NBV84UV_bLgUb2nPuV5WyTOv2NSe2ssO3WGCVFZrBOELg3Tg6PN7NabQxlefY4eBQtbE44rWk20D28dRC6TfHdp6jh9LiG7U5p_BcAFs8yAPJsQK3Lan2dzygH4YClTGwPXWV9vlTg4avLiIsffgOg==
gAAAAABqr6f8Qwb5wQCiwnDmUrvATl8CRy6Oc1hkBR7xduR5ui7izhsJrdHLjpgpDxBF453c2VV5zPBRNFPaL9lFRQdHUaLahlc-KDKS8rRi4aZEyuEpt_OJDjFL0KxtZte8-xDwpJdOTHt1GP1gpXejgMx0sJQFsA==
gAAAAABqr6f9JOet1ZE6WY_rdodtck7NcEk8fqbY8pJaIcMKxyu3fkaPc_nMdz0AFvbd-9yIBAKyMSucFYznupzuXEHkFPh2-u-5-7rCGSktTUj6tKwGQwW2XrR4PzJ__myUQM9EvOqJ0T5R8VOB7KuqUWZNcRYL1g==
gAAAAABqr6f-zri4ltQ6vpPEYRpLNujiBN0f7YT0j2FJ6P7X2Gbxi4pgOt_dqmtmlJzgwpARLhhThYG8tFXUPjJOd2S88TYfaA_YpcmdyfXgcTw9o5OTpXH7r1nwh9381FY8jAefMBdeE6UlgVkOAt3UkCuPy9nzfA==
gAAAAABqr6f__UKLtVgvWdS4MOaPcDH8HAZAHtxAG9IRZBb_koRybbxgO85ILYIouUvyb5klVLOfTp2WEIdp4mcb9TRLvLLW2zJbhXb8ECnk2KmP5h18woQ89E5KU1kjdisqCLpTc37NtPlNwWU3D_yHuReD69vAZg==
gAAAAABqr6gA_SQP-T1EoYa1K5Ak0i1_lEYbciql-iCe9_BRDraYcrSOo_VAFuEoF65H0jX0wiBXIJrkALK_8Niwci7KbawVQYlGzmqjumnLn2_jH0hwMUP22PtZNC_CROa-8QQlhcoptts0ilnRYNeOZz0HPNKGgg==
gAAAAABqr6gB4XWFBLdd2VOVDlbwcWo-AVwURqJWUHQ27thTi3oH09f3L5V4nDY8PFdojVJzO1qQ6IFGMRFSphIf6ms_8TcxcgWfpwqz6XyITsj1NzcIVDBz23aFPJFP8O_TFo_iSCfAGF0tuta3rEslXxoftx81Pg==
gAAAAABqr6gCZm8YMdfYAU2NbY9M8_7wZEIgnza2UcGSHsU8gFFJNYd8uU9hVO1HaNn1QckwGA69pEdiudDE56BhCTw6jfPX41VNddgrcbJOba6JK3bUob1Y_3UQZR5c3VclE1ky3Kv7Yb1oKHu_CKLFey_Jfk7kbw==
gAAAAABqr6gDBg6szhmTW_Nq97KxQFlAx0g1t2uyQdLy2l4RsR1NyUl64ibIaAlGJ7GpLTAHIse1fxzMaro_J2oZXZdudqjkJeRS14ku1tlUpb2IujjMZf0ZXhrjvc32nw4yRW_jqjCPWnUOFXPA1fmjmQkqBmCenA==
gAAAAABqr6gEiht94dY15MItiAd3rP9TAMZWNy0alGTOOcCG1diX8d4-2EnUGpySEEuD3Kr-1a5CEI_6RDRR6YZmUDf1vhTmAhjcDu9WJXUSDqv5wVjy8YRiy4NA43RiV7okbGc-aRJhUgONJ41Mz3KJLFcS3jTNrw==
gAAAAABqr6gFZydeK86VhrVqX96J-t0KinBKkwu0D4UAgzu9YAKmmi6oZRp6eYnVrIQpe5KvtgVK6CNgEtxF1aDjmCkiiW6OLFd2HcuQPG8fJjcrEsQpMCbFeImDyEj1ItuJTZTRV15mH0Kei6yT11e-FJPG-_sf0g==
gAAAAABqr6gGLRcMk6wzCS08uX16VFFmlRMJNPac_xbC0WKb-TTtNnDK3XlEphETvt7iS0nCU90XGzWi-x15ihIdGqmkoPaISYVqffj9CV39YFmSqmsZ3rkixWmMFlZ7sJQKE0hgMUEc0JMIbSxcw63shJ5OqLPzQw==
gAAAAABqr6gHFbmEe6vWCFMQVnJVx7ticqrI-2mXfhFrpxY1w7BHYDYRqfeP6qzfUuLfdEwVyWUl-R_S-VbnaC1TypVru3hAIbc8B1e-ncHFM1jau5IcUJkyCYIrZc8-oT831vUlwVp3S3te6X0ffJ0tuCd4c6I7uA==
gAAAAABqr6gIWnIpsgN4xUFYbNj-GLPmzPBb8BM7PSP4aIgTsmerY_9gHe3sOaEBacvPgF6-xnn_ptrm0QPkXXECrcrQ5I3psrGr6Q0CBxfC2Z3yFkhCaiyY6BoUJAuMWug-DerbMGXo2ybVku88U0pjeXPZKXVnLA==
gAAAAABqr6gJHCkpCBHayhHua92iQFCuGVVRKvSmEaVFw38HAQGV1aKhuaG2WSEF3gukaY6jT-eFwIMGUJ09_CjIi50CYjEdl2Bp4iBFhP-XgBXEcX71KYyr_R08kSsyjQkhqK7dmR99ANK8x89FDL3aGUyoQ9fH2w==
gAAAAABqr6gK3iydotUhJpM8BS8Wur4ZqS2-TyysJUYEULzLW-agnrurcHpXgDBYLXDG17Qtz8CWdkcNYtdDSAdRuD3lmJ_OcrYhA5sNNyB_rq_oxrBY6wlJ-y27PW5lCaLijN078F9afhIQF0r7UPbQRwYKvHYkPA==
gAAAAABqr6gLrdPDOK70fPdusjSZpGvYOmUCEzqy0UnxuF_Upegd3FfZ91ECtvU6FVWoWsfAjevSp0EMJyB5-xehfkoId4rxxMVX3dLpES7X-AGo-iBYhP2sqHy62gtMx3noHfOIDfGA5gpJ2Pg4n2qV-wXXrlEVrg==
gAAAAABqr6gMprzepDhsqNkynXZzxL06Jz3wR88aTw-CLIr0sexqqjus9vKmnYjk5WpTKgYnwmf3ZuiilKSvAvGQPFaT36Vf8Ldho1BFiGHsNX0iMvm8mJGiNbYDBY_SiefoFHBpjInGzS7BPDN1epFaO8MBUTt3Ng==
gAAAAABqr6gN9Qmfqr2Ax5NpaVA00yh42hZFXf9Wvqd83SWFLlwK7y3NSjCjv2bN2qfGplMm6QR8lR21TP5ZuCOIitsUXg5jAbcIJ1GWpFMsTpH5naM1SzOnTkZlTdFKiu8eq8dms2btJQThT4n7yhU2ocDVv4dpew==
gAAAAABqr6gOztRctfnZMq0PFaiM1qgjoezdaPcoYwXlOFY5uR4LyfdXVyfD8XbBZYcPUrALLvZ42f2Wn6dTthLiJcdm0FxBOFYmBiSUoWPLNcOD9FKQMmJ5EatcAgClljo1ZUqNjEMMhdiJsIh5T9AaZAHN4Lqp5g==
gAAAAABqr6gPeHrD5zOAwNZ_3JytQiXl97GO6j1mHREmy_GX6Lr-6OMR1Lp8_ebV_wQTrRrK4PKKxaJhGsRbqvAIABO8HS_x_vZbSvrXb_lu5rCbgH_hU5yhPAkdYIbGbK3Bk3CqV0CQidY2n8IYBJgXYnr1WgU4Tg==
gAAAAABqr6gQ5kYXjTH5WbXZMNGdtJtGYQM-ZyYsp_BxnU3MlRv_y75eJyZBEXQKqSYz9SLrha90NgYgBdA3KWkXCL9i8r0SS5FJSiao3qLty9sQkffVqs6nNjevgH6JsvO1a1W7vvCNYZ3Epg0OY22jDSJjPgBq3A==
gAAAAABqr6gRjtso6apHBn9mhFIjDiILEIXYjcBmXtDhpRxrP_HYKzeZdHBIn3xtTRqrBWC_nCLJdd4skJ8looxipnFgtEo81DJLZfSAhbItsiIeSsPOTPK76QRgJWFkysqL3Gw1f5EOWI2H2tw84uIOcrythZ8fag==
gAAAAABqr6gSYrF3kG9iGUF84gjZk4-mh_Y_hUAZUrQOEo3tNDHlwSTGqNGGMFUSnihpsv0Vgw3zCrjphhhxtP0udPUtkmSh9hxtp43OieCv5uMrSSBuQVcvS78bnXpmiGfkZsLi2iXEo91kAL4NMk2dniaFMTmNkw==
gAAAAABqr6gTFoGur4l0qwncFBfyQVQpRdP4POuDDL9-JqT_22rggg9TlSD4JYxTJoLtbeJSw64rw-ixaDjE1Qfjp9YANbEADwqleeOAHeUQd7IKDd7a4ilsSWzeUANKZeloeWSxVdyKCNSDZQA1faCT7i6t2o7LVw==
gAAAAABqr6gU_vJAhJdKDOxJvrH7zy7sYGPD_lmGucL4UxpvA7qrxAKXRsCFyJerYTfkuAGSUulaoRiuJlHT6UtYKDYrRQcM1VHSDdKmSj7Fr2vDdUUj-mEiwtr2my63t3H9AlIQFDYKVXXT-hvWbMIdl53kS1JchA==
gAAAAABqr6gV901tB1CtHk8kH1dZWx1oM95J5ajuzLehTTDOhajndR2hoklTtJJ9WoB1mlaQZU3N3r5HKixzz8592g0nKTMjohYZ8RcqkMZpakchvXgeB2dLAhF8QfhEQqcyOUZeRjfI
gAAAAABqr6gWpHTgKz1ePOzCZFtwPlOuq8kgHN1O2QTkrl1Jp7r_9Y4ALO8AMeo0hXXHbBnOOwX0ygC1pZfA_2sxabVtGCmTtZ2is9QF0M8TQyNOkz5VLEROmMfI5wsJ1fofnFcJFJbw
gAAAAABqr6gXdZ9V0xLasdQ15tb04kTXyJaZ11Q_IbbDdtRZLTu3E3-N5d6y-DWOyKR_3rokEvXBMJ0osMKmVkHhS_CoB0_3D2KQgjlk8mg2cW9qBIB-Z-yYywDH336k0M6gZ0k5Ws7j
gAAAAABqr6gYVV5EFupSsDzP-bFeQMyUYPkn8N_BKvNDfuoaIovG59H3QE_eDx7XDK_8r9eK2qMnW8QrkWZ0SlhSm3NZVQQ5e1uvvV3xt3Gy_5M7ll22KOawuPFCewTt5WEML09iUIS1
gAAAAABqr6gZKSgmVKzQcqhvMc9-mWCVfs90QVgZjr4pktsgshtwtCIdRqyrEsB28MabQEQ0VD6KVuxN_QXPQ8WTbjiKabpNWfyiSquaX0vu1OPCNeoKJCrUH7hMLjdiGu9Y4KhLple2
gAAAAABqr6ga9k3RpbZqCver0qrosLSmJ9BpdMQNlm-FDWGPKE4r3OSDhOiCy6sAJuVW9jM9DwZnf9s6gztkSF0d8rCs_Cl8mJssJdWx94iRpnYzOE88nkDO2V8gJcLlGsTmPppIsHVD
gAAAAABqr6gbsx-1DTMlE_cZtQx1wVBDN5y9HdlX0-dmC7cUxsgjPNfpuF3RF-g5DXD5GD6uwraRRnsii3HCFZFYEjg6scpT2Z7NHvtWMWWYe07P8fV93UzyvuZbhaus1QrXtTmDrPB5
gAAAAABqr6gcfCYAPYKw2TbE5Jh4oDkXn5vEGhNcDwoXxqzkRC4VYZBP6OkqmItkOWXZrz43jmyIEO8lRirWq_0SqjU8UoEFIsyH8FpZpQ5A8Ba_Gt2-n--hRtOCI_pZmss9TzGDJyKK
gAAAAABqr6gdX2QbZsVkzcVL01VXeDq5en5nbJalrF7ZSBpOZ5bhT-E_5vjq-qgTelPgQxAW0O-I0sxd1hKAa65tLsxomD6bOGVG4V35oxAf_3CM5qEUBnl-pYQx0RBTqoFMHPVsmJRp
gAAAAABqr6geSt8fHMMFvZstl21ceTCfRr40YL4_vWm_jSwfvvM2gfSt8FK8dERSrSwoai2vx-07EFq4XdzevpN3xun7FeSYRnPG-PV5gGK7w04ShzrshkcsPQyNidrp6SVqUBSSxe3z
gAAAAABqr6gfLuOYcxQ_IeB-Uc-1iZ7GqdnJl2hVQfxrMY3VXllReIo3mjaWQtQAxPrXRVKOgFlSr6mxduUI5_csv3WYhUiYv4e-PbHXQ9XUz9WI7lNZgoOtFnoREPGBcJ4_vO35teri
gAAAAABqr6ggzt6KrKNVtzcToniUnLoeeXStGVT2j4w1vvsvoNroyq7we0tc3uBgsD8nJDpzJETQo0PbFo02IMARPC-674WTD3VZAHZJCEJNHfnQmutGXxk9XoI5YqQB9TWyDt9Zf4mq
gAAAAABqr6ghWVofaKBvHPB52w6xPEJg4K8Bmygo5ZvGkucILIfuSnMKgSrPrutMs1l4epa6Bjn3G037C5aatx3GsQL4tolrm_71KamkRHs3E50svs2thWukI5pbab2RkJK_cs11QkMW
gAAAAABqr6gi4AU81BQ2I8rny6Z4xtUVkgKBaSSMPE4hB9QKJfyJTrmjmiNPHqPlpwOYhUrVhO3VEPAE-oRl3pIxiK6yitije-ZPfxTAhmcM-w7t1HvW3TcH6pmmqVzIOeyOuEU7u91F
gAAAAABqr6gjCIph1u7arqa3xwA4aiG6Q7U3XQC_5hddeqKPlXgw1Bh3Ulk6HPFwzvQNDsHw4wJfR7-gfi-YrHli_ORq6Kh8qSylnvHC_R0rSMPeEFeARN8gI_WQpywbBKQnjvx415u9
gAAAAABqr6gk9LJaPf3lbg3xod6vFGGlHKVuGKoI4L5A4113ec1IzxUpwrq0HfCuqnYY6O4J3iKMouPmu0dggQ-DEh92dv1G5Do6rtZpHDhNTz2H00Ahd5hP8Fog6xP4QOfnN4GBPzz8
gAAAAABqr6glsi2SlprPmLkogoSe0mKBJ0q7isv45Voj3ix7ULeLSoVvSxssPYRs6Ux5SiiGd1NqcSjxDncGJLhrDbEEnNRVspXbXtCk1WxOVDDEz3o13a6--XoiF6klaZaOjC-X7-A8
gAAAAABqr6gmFLkuD2BN4i-kjNmm7tE1dbPUkdN6LADpzf1zvhbrAX2fgodXZ1lydX17pi_p4hgPrHsZYHBXDywaI4Vgwl-NHpna4hIC7b8BzvX7wEZKvRIHPnyz6NUb9NXhJvPU7wyd
gAAAAABqr6gnmjGK48dER-4uczN0VL_6J0YyaNhVylNvRfLdfGjsxbki9jHmLxo5xsWidF4ksELx3p0-mNKWG4__6dEGV9J5w0gNPd6mg5DbN5c7hDy1ni4JCo9MAw7KBZXl4CMQaXuP
gAAAAABqr6goIadhJKvGqjC0xYtYcg8TGuhI5457bIcTr3aSuOSRoxVTgelTR4X0r02Qbs-PrYX8eM_pYPTSWHshMHGLvR1ITuCqFgyiuxeLlmFr-YlLtsyk2SU9eQ6zvoWyy41dNtKO
gAAAAABqr6gpkx8u6dtS6I7ghsF3CSkVhS6Zj4Iw2Qm12uORLntzg3hzYZNBkbzE_KGsd8UWDo-ncM_-8hYxvWu-LGyLUuh5m8ZSbesliRQJEkyLqRy-fLUcLJ_zHX_VHUtpz-jBk6_C
gAAAAABqr6gqimBJulzyqESt0YeXKrzzKPm8jOOR1mjzrWWdnhZvbklfJAKio4-5wBNCkVxyLp7YOZXI6CXyJhhmyE_h8ZV2GEuXMwyv6WdTjz54_wSaJnCAB2COymDkmkex8pr0CsnU
gAAAAABqr6grBtqTgRv85IaGrXGZxzRUnZGSWU7wPL7ePGLmtG4FVDkHg_RUF5Ch2aQAflHKRm_lpGEMuc3gnbKf03OMZ1SF7aJ8OBpOXHfvKB3kBPEi0sKkEPlZ7GH1i_8XRrr2sk8K
gAAAAABqr6gsueem35LI1v2sEb-D3Ou5DDqRFgW4P5shAPAmiXNeDLk63c-iq1XP-qAd3iIqn0kfI_37TZEED_XcwqBfsEXCXM6DbyuYXxDfuBm7qhztyM6MO4uSCclvUYg2_fqQUnvcK_vUdiJ-hlqG8cDXIZoK4Q==
gAAAAABqr6jbVGp0nPYIty-7Be9uijsxISIYSIQT9uA10sMsBUHdcUmWpko2GWO8SKjR1QqXgXDQw1qRsO1FuDj5RzGg7dQDP_Vwp2BnbEpDMF_zjyJpNfeWRQbQg462nH_6VOCe7MJm_ZGVHRPwgxsrBkcPTNFqWg==
gAAAAABqr6jc7Xt8CTqFojYp45b5kUqfYEAlcEqbVmdv3fjjKBmk31hT_lrTNUDYEEmMoZmkUcak70ddzlwphbuQDwlXdWeki9FRhPWt-9TG92BprfT7kdGGIp-q0MuC5QEYj_0KduJv2R2-XTDmSQPOWAxrVhXGvw==
gAAAAABqr6jdciCwhf1K177TmC1JMwyVe0i4Z5ug6OSaBRmDn0RGw6zetBcLHV0qGjL72ea5dJH8kCMb_Vsjw6vGkUf2GREInWU5DFuAvm35IS6ry1y4Dv-UdhTPZJHsx5xYgNMJxuk7hleLI6w3GzLFhu8EM7dxNg==
gAAAAABqr6je28k4bvHmyT5yIApL_BCX7IUQ7akPaanx2suYanFUFe4SVOK1tn_wbfdtZoyg8ieAyY0cYsvuxzeCJCKblTiIkej9cXkh4ObcMGridgXeC0a-VuZBVV_V_YGIyNqXAaNtEiZUtawKGLpN9mWx0dyxxQ==
gAAAAABqr6jfP06uocm03rO7dePqO770KFJ8d2mMddIPrQGzHh09_OhfrsxDTBg_wfKNbYoRUwZIdSBKq1lIAu9rM9QTzf5DLt-joaDzf6_8gfu56B-JntOutghvPyE1WMUgO0u0qp6wAy7ttslUTTaHpZ6YqTiEUg==
gAAAAABqr6jgUN6oFyNNIWuonPGqP1eFABpcVSOP6lvN5eVxm4rXQoxN6QLqh7hg4u1ftu8hkyCJxGfYOsebouraHldDtXH29pJRf2EVnQ8d9_HPEVm10XHHO01yZdH7ic3N-af5pI1jFOdVlBpcckCTgzCSDfrkJA==
gAAAAABqr6jh73Ff5Kh5VQOw6EIt3Zefnd7nunZQ675EzICBsyO1ok10soUh_ov4BVcIIla2Fo3lhhdoFGEebWr89I-QBnoePu4ggOzY1IQiVOuc1HGvUmrOXQSKVSWRL_hRDmSAr88DKt29eazMr6ktvFZOu8-7Yw==
gAAAAABqr6jiM_hg5g-lM-UJM4Db1OyTOnwChUFE8jCL86WIPdMhP2PAAmtyz1Eiks3tESt44eqCUBF-NqGjV2IRTHHQDPLZGxmTooFtP18yfBGy_yE6UEbjBmqA1qEteGf5bY0VCgOy__fFN-l254oGxEslj232bg==
gAAAAABqr6jjrh01-VHWT6XJUzj9FV8nmY04QQp2NKsOl0MCk9yJGAAoA2_0qsAbev5X9naEpzPpk5X7N8Xz6RU-BcyGfKuI7eZfmloTxr5EOzYXY2C86A2Vg6Ksv1zSxxIq_-hfG_DbzGjKliqubUEwGH7yvVbGZA==
gAAAAABqr6jkMMv35hXqtboE6V6us30qGw9_-Oio_18lo_JwK9ephcFVl4hxlyV5MbLf77PDccfVezf_wcAawe3RdCRp6xUtP6iG_zTwcyC4sPFpapHdEMKGSQiU1WDHrXKacg2oJ5BDbEvfpg6_IDleI2G2NOIZiA==
gAAAAABqr6jlqDjiVAFiEGxkN6TwureeoWLcvgqZAk4hu6MfPFBDUjo5P8mWsnuuMwzxDnRl11jXaN0Y5heeVNEI8MSpCwF_xPCRynxKkuAtOpnT1bqaAH7x5i53AET_b8vaxOtg_kfZft3g4AO-dSwjsGa8DEyN0w==
gAAAAABqr6jmjwhiSbbvzndif36MzC4zKPWXgkJX6HFAOxlqwCvNxi1K_1G8bipFqLKv-bWQjdiHhZl4zFiLcMm_s3t3FS1g1NxMlzAI5PvArbrDuU0VZ8LBy4WeejYw34gLiNLdJlvAX3Z0jEM_VLobkikSnI8IkA==
gAAAAABqr6jnCNJjHcoF5SrwNWsffLJl2yA0UVtBsPeQMQtGJUpkJfSuUg6cDSDkRHgr-wRErG7WcZpvWRhz-Jnwkfs0yWhAxDs5ugGQreAHs822BJt_6M5N5w4JPWDCwn8YSCLPsysp3TNk8NfDQhj7tG2CKMQwZQ==
gAAAAABqr6joAB7LlzofKpDW2DSd8lb2YTToIMDey-dPdAJ9w68gpimEoNEnoLGRfzLRwdD_6Kgb1hNV4OdkwCDx6GY8IKngE67DlA9Ib1sRmkAhvMChZEaJ27zRcGbWf4fSK6levvG9gUgNsWY3fdkk27648mkHlQ==
gAAAAABqr6jplMkWa1ojV2z-YWwMUBqrgQ63Q6PqbWTfCldbsPhg6UnWd1oTuhmq2zBtJPaaX3E0FlqU_YNnvZgZmoYPHe3YRHJhObxVQ9tWLWQIE1oDhw3ARSNPfYYXXK9nGEOs8cueDPmWui0vnALVDrhq5Q90Sw==
gAAAAABqr6jqQlAzqGOdfYpEjHDJ3b0iKg-g5NsJB_EpseztEq_QNgVan9eqwsR7wAXUi24iZxMvHM8kZl0xgtpw-0GLR-r5ypkzgmjabnaf5U6GRrkga8VVgo7btw_lkRANppIb8zmDy5JqncMftER8mJqMcpxQpA==
gAAAAABqr6jrYSB2MzxAPvMUFPVe34kCCsxdsGg5NF6D1E0x4N8yWSE02o3qcSAp14f8iiOEDRSslmbjTcX6vBha32KDCWeHzO9IjHlNXgEj1YtfUHXAuyfa7BWcltyqVs4louhvuMe3Ig30ut8CQIeV1bmDM9xU5Q==
gAAAAABqr6jsfV8E5TIUjfbv4g_1Qe5NkBdR79Tlw6OT_i4q6D9SM5Bo_Tq2qMdz0hVvrDolrrtHcEJDSKbjrZfOnoVmp2QaDA0YhrfHNHT2MuxSuM2wr3rvP7uPG3AxQfcySokHrUdU_977qqkCTce9XJCxnk5WOA==
gAAAAABqr6jty1dXSqAnbsxzzRjG8ozkFG4igTjrFv7ntYsYZ0wGTsInLHw2Xps7QusxOfbfImsYmpMfZ3nlnu6zRolC4LE8gWc0i3roSL1uN2SLXyizt_Hcdid4UfkCZ9Qukytl7_zL1N8qR6Jh4lN8IUclArhmQA==
gAAAAABqr6ju75cCoC9QNRwFCO6Lv_vHpoG5Pbr-o1EJtGwTfoptFd5RjSKajP3JJIIBlE5MSGcnMH82zAt509RFjtWQk8KXd7URmX3PjQH4Y7G9crAWttvPoxrnVCHHIqg2dSQ4SS8yiVOIAVxfky_uXyRoPl4Y-A==
gAAAAABqr6jvVZWNYgx9BVcoxlm5YtSO1djc-VhNH-QPsOPyTK2pwSs3LOPC1S1rWtQtwV-xPTeNXMo3bsYPodT2FeQ2uENIFAkYmpMLw_Uh3tIDBBWwa_pHRW9gZFAAphR-3tzdSZScugY9O938fRWV-GsIZKB45A==
gAAAAABqr6jwmEYEjHuTBSg0ZlAA86MWzcCRQPYy4Yn4A1n9nULTj4c1bGAMqcbEpcXvDxij-ohE0Q6QwfLuWeyicOmzzHAOTvRr_ALP7DeNeVGtlCu9p5oQ4oYrdE5fbN4riSjOAEHwgeCUS-psOH6Bq3tFgdYoPQ==
gAAAAABqr6jxMdKKTRGbGjG4LFAwrFSqzHnz_l4Oq7c69cbmsTCKPtwrOhfaq2WM_CVcM1T5id3XMco36xZF0-c_0ymM70wUur8kTI0J8iIIeN25RsoS0bhx3LIbhMM8pJbjMIdkf42lNRAiWUOyt-o8U_41DNMWbQ==
gAAAAABqr6jyj9ZyYJyUetzvrppSzuazNJfE2gSlf3baThCU8eLsZ6lDRHOpnA-kVXD6cHIDO8P---3Tb6CIbeqNddP6zMrNDtQ73L3pj0aM7Ht4wGbM4VrIZk2fK9K8YzSNKSIoh-s-LhWxkkG-MBgm7Ex3jKUjNw==
gAAAAABqr6jzC7Bi7qmwElYpRGZlZgRTYEO3s3tYL97XgEII4gEBKfkhqq2UFNvArsCk2KVbX3caPxTf67XrXSDebvIyVNsvn4BhpULT0eU_8ncfk1Rlu4pn_BozyzxUOY65rISaSuz7UZXmi9InW5YWtFivYperAQ==
gAAAAABqr6j0bM4QdA7qvnCByR9RF8llQR5N4rX-iygpFfxOTRIrUkSbSdbUCZ4s3VFzWhINTPhea8QaH6zuW5CsO50_BVCLj9t3O7msk7B1JDqQdykGgWbveGnRkk5mYqsbwbr9XWFSqnmb1zP8Ak004TRbk5vX0g==
gAAAAABqr6j1Ux6idQ0nKCf_sO__0lbGBzy0TfWEVNBoWryWDxx2pysoLbGF3uWzr4XsmxyxGHtxoVATnnuvbMCY8iph1lXuZNdjuZh6mTVn2ATftLyG4nbD2C5BjkwdrMEFFb6APmQbRq5jyvyOypnxo8S-uUmS-w==
gAAAAABqr6j2JegFI1Vp5ZzuDcX07KW2mWaTjiTk-CDt7Qb-5fkpi9pBjBmEAe500SQKiqvcbPZfGe8DcyF7d41fARX6efWCPSMtKwtyQ3Y2hihEUZQU2pmhgn3xZMJZWgixgbP2nHkgkbGbYhaJfhwe6SQwah-FWQ==
gAAAAABqr6j3AXtbGDzjUlggh1OmO_a8NHssBF_0ogS8MNdPpfn8CoZ51lTL_wHrd0deePteJ2VPW7evXHuIzygRIxKen5L8ODY-kWb1FrH-gc5uJrM7N2fibdHxE4f7HQWYIzc-BzPie4QUr-PwsbdHfUa91XILmQ==
gAAAAABqr6j4PzU0nJYj6vl0Giyv3Ukfx_iRok3EvurNHzTkGmFmCEzLMH4UwO2YgPCR0JQ3YF43ULw1ilhDyoaR0_V4gvognBBFDN4NcWE_rJz_cooB3Ir5Hgy3lKTEviP_Q_0ykvpsH9792zOlh2k7pgGlbm3z5w==
gAAAAABqr6j59pfxsqXc9T6QYEBos26emp18w9_RImLVe4jDgRfFHsP6QW7yLGGGDdJCgCv-9LQnMMiuXVuxyTco4XECPmE1kYIjoKSFjj0UHgUjpTbCzRiedyqz5kmnDO28qLQf98ZiWXXnAsXuPWiSCAdiN7Sr2g==
gAAAAABqr6j6EbUx74vbw_hl8BVLKDFPBGAEVSBjm7r0kTl0sVvkQM2Mhr2jeOGEmnqb5h-nqcq8BRo9v_wILbBLpxOGk33BOpv-V370-EVEd_SeU0QW3BPdhifAD2uhCWLngbb3_w0jhA2vNg-6hhpeu5jKLWXRFA==
gAAAAABqr6j7v3jYpO2lrj6KB6NqBqxlt8GfClWL9u6hHDFd90mF2KdBuuvkiGjLUNL70ecnWntwdt4laauSNsC7fm-PvBS6_W7QN8W3kMislcxmG_YB_vJamLKn_94j3qxiAebgjBVy-i4mpUEXd6RgQvQqbAiIIw==
gAAAAABqr6j87IHJHhH1uUFCnInoubdMykAqYyymNmq2_4onl-UistubEuXdCMY8V8H6g3iSuxQ7HN-klTB4-K01FYUMMLDtaxI7pPIIrIETvqy3R-O9SPxhewUudpa8lXmVW3CKmlM79Z7T4CyIE-qvE4UBmw9nWw==
gAAAAABqr6j9Uv8b-_ClqKRPhI4o8ZxM8iDhZjZKuy2lIeUcmy3VjkJJiJVDzU1yZpGyHR1ZcQ3msQz9V11nNoCmCVOB5zH13x2ppPIEIfVE_SIJmJrHPWt4c3Tf6JgYuBdTH7-xZEFj9jGeB5w2NPEmMx4sBDm3Yw==
gAAAAABqr6j-E_zcNk7XgJEAZE7iVk3DaEi1ehe1BCjP9dBxa_MrOs98hS6CqdacB-SFNqLIFr-v13PCBSqnrhfFeECtHidafxdZrfs45jZOy9H85ccXYhzRVLe1v0RlpgLgei_ctk8_jTm1CqtKBAZBQ2NDQK4v7w==
gAAAAABqr6j_496zcnJk2uDiaRKEUNbyB7_ojZYt6g8Msn1P-AX8fr3mbRiRU2iclPJ87ul6wXKSLi76ouO3qZRPoPNrisKVVV9VTuoF2Uf-92ATduX10PkmEgVv91KXgHoPkVct9y-z8hBTY1OAwbzymARCR3clxg==
gAAAAABqr6kARE0c3UVd9lJ_eY5gB8e9QCK0-T9kOyjH0Sl5lU5iFydN43b-6LBSis73rh98qlfXJTq07LHQeshSkdoBRt0tKhIOgBea8uZFl7HRgBDsBGr0cdIzB2MGs7-3M0lUGWjhiXDJEME5pjLOgHHuU5pk0g==
gAAAAABqr6kBLrjaHNmUc0saZ9-fyf2t8yYrjV3jCFC-jjDtSMV4ZLTJvJ2nViOClh2rVmLd6qjE5nKyCACxDTxnOj_APPeZGjellWlEVPwIyy5DMpYnj9tsCvOYefAUh9NDRpGjAMuTeiOvrvq0juk8O91X5lUSRQ==
gAAAAABqr6kCB2vdT-jWrNhsyjdB0PtF76GjUz9gJ_eK3KmAlGC_TIemw4WxYPkJOUs_SNORIacxRqqd3kfMNM1z578qDz6anq05DgWPpkvrza-LumlpsCPZUMs3apbP_0cjA4zRPCW7pvx0f3ZiHJZlR8CDe9F4RA==
gAAAAABqr6kDFpoQNXZzznCypqzIkzOlK4vY_d5faEwS2XOuTQDX5Lx8KLai58BDGFKVIZOHkGZkX1W8OTZXlT719_mfoQ4Xpv3fxPzpXQu705oH6zXqW7PvtKU5dsqI1RXMipEKCrEwixYsmBivDbUSEILSNAPo5A==
gAAAAABqr6kEG_E4TDts7oIKmfc-H8ihp2QFZICaajdc1RV5uT-Upbe0FUjzBCcEVLnLYBSEofStR0rlFrndgAL4tIN2EvUNRYv9jkkn8AR9Rk5ncKmHYi3gJ4OzuoYLZf8wEvsai8x4sPapksYmrbQm8Qb8I_yZww==
gAAAAABqr6kFCgtBSz9FeKjcc2T274Y6itPdnv4g5aFWmNPJ4_0FAvIaGkcsPeNkUpaHe_MQiGnxLk41javURuT4_3ADhEX9AzYkXcL_Mp_vRRs4jmisOrdXRX-Lp2S47-aP21WYyHIjS9kD15is1dVSUeq6WFPMRw==
gAAAAABqr6kGXTFP2rZXT8dupH0BEKBMyNJUwZoAl10Z0pULEaveCMDDpj8cLZTwGUoxgodCiTg8OuRL4euFUCf30oTPwRuEWrUR1ZMyFvyDseTicUVmAgiMK6_dLGWj7GhFdsxL6IRp-60Mh_wulpxwKdOiVHMy9w==
gAAAAABqr6kHMjGnd1uhXAi2bvA_kJLSTiJ0IeXv6Fm54cr_khoO_eqyqRgpzjH82tSPzKsjB_WsVTRyhcH6yja0_kErokyCjAQ4F_1KGu7xU5raAr7DFVgSheFJAU0RDyBJAFP3uU5RyKxEjvQeRNenaCHYYj66dg==
gAAAAABqr6kIA4rBuvB8Wbc6Rn2AAj0tpUffa_QBdICtXzOFaK42Yu3VwgpgvvyaAmdQPSVSfm2BaNDTC0TFLspNt4I71d2hZVzQmR3kQHI-RrN0BKTn6eFz2xQEeQFUJWFBKC-WA-KrBvqxojegflOOnJVyTFt2cQ==
gAAAAABqr6kJ21WRM-6xE6uNhC-O6DlduRmtt5qROP_YmfQrqXRAKeG5xcLIYTAlvsBV1nGoiJonIY4Y_9HluQ-brKwHYa2W6LNZqQshhWCvOCfuld2ptqRIk7aT0y4Eu2_q27zIObrBb6ruqVwIFCK6r7TKiAQMGw==
gAAAAABqr6kKHY0qddV74KC_SOV7ZZQYix-WsKwkhNv4whtjPKgFDVv5as-TApgM2mmkpcoqg3MXLSsGcoIDbOAm-GtX9NBRmZueXBlpsgszL263gLbh81ychf6EfOaib8v9L7FHkQQsG_R8fcrGJS8P-zqJ23EKPQ==
gAAAAABqr6kLqh89ZPRvaf6TKcHdAU2JGSHTgo8WBAs2jAA7TQS877X2F3XMXanUjPkJsV9a05AfiCnUui1Z3hQXZwebDrhF8TCNBMYVFSc8bxZC1BOAQW3KSEn6MPgsnAYKJ17rf-pry0w9T4N_8SIh146nwVUNAA==
gAAAAABqr6kM36Oq1cGUjTF8AGmMR3YG3APIfcVDiZbMx0PUW5Zvm6MZ8fdsKvfCcNogcQoj4WipNYSlwuuzy5Zgstfhji9MueBTZBiNbw36KGY2bg9-dq5GrCttyCx2F8H6t06DCe_C40ieJv07JZ5xV0KUlY-_-g==
gAAAAABqr6kN3dnxwJC9vk9viLhSgLVXRUh2j4gsf5-alQyx6GDqabKxkFNp3hsNktJYSWIj3WuoWmdP_RBhklnpnMBS51oTYQc_7DKXd7CkfcT9w-FZzUopH6yLHQfEnypS6jtjPSR7lsq92yLaHIvFKENRfaSEhg==
gAAAAABqr6kOaLWuCgHZqSITrJyE6QTKvPtf3CxE8w1OisKLIPNE4N3eowKwIyZVdtnimkl4-aXnxk1Z9ykmTdobUhRosOomEVtnnlaU3KniJynkKpjUs9njL9tydtHY0Z6Q33xlYYJCe1X2NfwGSaZ7fT6PKxzrLQ==
gAAAAABqr6mNjifeGTHtz4qp5_qgc5OCYXUAOuiNHb4Ji7kG4yDh-Uipi-Q4hQtLI-xdoa1mVsv81g0hkS-khA3d6jJLmtrPl42XtxJlqMf8xgCRadtXWYFxpLhG4AzzJlNVKqznuyPgS3c_XHOI9U0TdAEBmrzIPQ==
gAAAAABqr6mOf7FVloRfJuGkv-P3iW5uC8Y2-sjrARfJfKdjVDhfsLufnwlDfs7IcTWBJc3Ag6AyucQKdEU31tMGbl3jqja_P1Kz8QeZQRchVqdKhp2NABWYUjiAnx3Tn1sF0WEyn678Han7XTDXSBst6P6pXc90PQ==
gAAAAABqr6mPuDnvzqLzNNx0p5UGoLlCY-Ov1bV4kPVhyZJv-RQgphSdc1jeutwl3431PaFe5K3a5UfkAGBTekag3-LYQPZFiQVw9py862S-hYHdTXvZudtW-i-d637VFjk6hLBRmZbc
gAAAAABqr6mQpVmCNTayDdOXI4CTdleFYRS3AcmaybhPIOMTxeQTqYuLQvqIQvj3lhqUCQzHuiResTnDL2YMyH9JfeDz5_Mj9WcOIDBKfjo9D-cTJVBndwBzWw2nS3Buk-LX4LkhKql_
gAAAAABqr6mRhjjT5NoEym5t19osX9K0t6r7unr1oU0G9KTFii8-bXU-rcDDGZ_YRPbYghQA9aaWC7LjtbyB3iqDhsbbyfJzns8yKCdEgb3VHy1hr9N-kgkHq1VLqvKbAnR8zKQy-no6
gAAAAABqr6mS9wGasmYXMsVZhIsxHZOfOItrOXlJ3jc9HwKI7-F_vau83xReow4Im_nuWE_p_1r8aRAMZmvkEajSq63YjApDD4FbZg3li_1GuPzT2tazgC-mhSCkRhEKszTiCTepYn64
gAAAAABqr6mTOB-PSbqrtgIlGbkP52j2klK0NqYKvQz0PpCwPf5cJd-A24xCxHLbdRLTpKrH6P7i23isq299H5ddUUNddLtrGCk1Bx8zkseVq7B_kJzMD6L5NNWvkf1rCv3MUKYmd-n7
gAAAAABqr6mUa16J6m44BFILLx0G-Kd51TNZou6ouQsFMn1dtBGNIPGb_jS72E8ifz2OHmjd8UqgCtmiiL80Zy4qK4cIAcccKPNf_rx_iVtNZ8xI2QSNmTE-XmTnZ1nGJhomEV4_6hoj
gAAAAABqr6mVerfeDqeElOI4Wkl0Ag6GMCMYLYbJ0aCE-iML2JNuhVA3YEj-CTlpoU5RndTGmPmSO9k063PzpAGjBMbbweSTvfSQQwGSH8j04k7PYOJbIiv6r-f2HeYcA-pB54WgO1eK
gAAAAABqr6mWIDyikg48imFac5V3sffTMt6wYMGFXcvqBNvrrm0kRtiZzTmB-9oCa2n8PNmgf9q11m-wS7718ECNjDnaMzgI_6mrmbBXJuRBRK0h1dV1AwpseT4y6moIlxVMfsRhZAe0
gAAAAABqr6mXoXGd1iaqnn-NlVmjIHQ-Oj1zfM1MSEhVTXgnnk6ETRbxCMPBzOiivj7NbtWG46b5Ng4cq9EEG_b9TblkDszJ08PK7r3XL_itwyTJ4RohUleQ0LM25i05d1RmxI3beI7d
gAAAAABqr6mYH5FZMTneI4BQ5Rei-xpVOT4zpznud2l_UrbCQrvE1-UvBzMA8zMrO2Djquw5DJX5uq7AXiLx0PcT9leYVCjvcG2YJueBGuw8NCWJp-jDQTXbgPANOSpUM8524tuD24Ij
gAAAAABqr6mZ3bpcF4TF9_OhnqpuFUMtOxFCvnywSBWDS_l4S5BQsXAlikSZx85xlub1HY0coc4X8Ug02yVI-FNFv6gz6lL8tB-sfSJ6cxr3blXE7vKQ8Yf9QSgutFlWZZ9uOC6FaFHO
gAAAAABqr6maSYkmq7zvqY1Ra6VphVAjY4BKAAX3cJVoBgiTPAGKvioHTh9n12oxLJVz4PNwwghDUhUD41j6pJd8FUcHpLPHmXaMLwNAjvy3QDR-hAIi5ZUMjXQLucy0KvD3Ewfmcm9P
gAAAAABqr6mbLmteJSh8dnZZ95jfhz0VlHXDGPaG92FfCAI88TGR3ueDg044_2jOzDKw3yTRQ2DWciIvu05GRPxDLvidNAqpBWzBVCr0vvjoO_4y2t_QkqQiv02AM6geJKywSvYD3_dn
gAAAAABqr6mc1sIN2JZ86Xmfh-A5H_KxjOKFu_joQz6XIlf7xcO_0K4BQ83Bz5p7oXHohfvl5K6fZJFBaRfFP5W1rWEXMp9lcVEsLmKom8HJaSLLzHrvw1N94vySuB9vxuPY8uCLlIqJ
gAAAAABqr6mdFfIjvLwHXhU_V3mPher9AayJC3T7JOvf2kwCsFSjVCfrQbq0jdOf7hhXgrdJBQ2b26vMmbHd8o8YVIQMtBdKGCBjdYGFg_KLFiKCG1G11gQW-LwxLBcqK7W4feCD5-IP
gAAAAABqr6me7_tBhScu1E7O-ijP-jAI8SzZSi9vQd3A48avya9f2pScH-SgcxhBDgjLoE6BwVvFVoYJDM8asM6iXLexuximTiQ8qwaMI2ylLhi_ec-qrwUyOBZqJhuF9oo5xaXeZn1L
gAAAAABqr6mftziULlsjYNO1xjWehRMfsxYrUOw9jOuUnmBZ94HAbuyv_OokrLUzO_ilhRHQhL1WV3p6b1gmmLWnMz9cb1L4jkBACIW8vM4V4qIr9yp_hzXR4l51KmmUza7GBIAvOXXy
gAAAAABqr6mggBpnnnydpIvnJh4AjvNuJ3yRmb_8opLkQQAvco-biABSTlWq0xBJGTAUg3uGPNS9eb1s_P86oi4gdVhZSv0Ji8J2Bxm7FxWzZGgwtrORrOdKP_4QqkaSQiEKCMrmHhU0
gAAAAABqr6mhhWRipGmMA7ssg6F4SQzSzf6zoPDlGfbwit15JIKcgMlrPlPkewYOY15BtZURn9I1TPcJOI-kf3vVLlHVgTvVevnnPRryQuXS3FMJk9eT4xwEYlomZKQq7c2u-N8tvgsd
gAAAAABqr6mi_mUqNhA2zJEfl6S4LZNdr_KVBGX0DrbszXmd48nEe8l7qFiJnTynDONAltzaww-YllB3rYQWRsP1mfwm3sOvBe3BbwPCRqrXIm4fVNA-Z8Fa10GsB21vp6qVJQkH-5mA
gAAAAABqr6mjwDhV7MU3qFMs7a8pyKdc99ZB3B-XYpxrbLrL0-jRyY9Qu8dfpaW2gm_Dbp5l-ECVlmkyauDcyWFEyH41GaGmucwE0U98PkSBeOMADJQCPOOHBFWGpqP9GOB3fnVAifE9
gAAAAABqr6mkcaB1py1ai1sem88XKqUKhWQab4TcK46qKYoOWDYrMFzFmhpTovfAyOqZuYQ2-xhXMMvA4aonHOtb2miM0E2ulUU-poCV8YH_USRgecpxtg71_uFezP_s1iL1jlmdog3l
gAAAAABqr6mlhgPhvMSZcFE5lvHooZaSGRdhtbecE6uiOPRah6xFbEGRByTa8o4J_GqchNJmCvCSkp19VNX7U7NcOXCqLoy1zSkj4C4BtktMLI5YgewLLJ3ZtGCbysCZ13SR6kBjy27n
gAAAAABqr6mmGPW4mJ6rmAiELXy-FVN0B3irw5N0kGr7QQj5Bh_jxXUiOuJ2hJUimdVurCKOfva-AS6NcNDWu2Gs52frYWVKYX9ndu32v_4l5RBDfCMgUFtXhDTDxQVwhdunpPPOEyVR
gAAAAABqr6mnuK_UM5phMmjufs5r0tigPBl04mWX3h5Y0OP61HHe9PDWXzUSx4pdT1c-OrZ46RAi_9KNtyWXHS0xeAwnP7ZejYwyQNbL7a_T0C6_Sncb0_Md8I77CvV1C72jq0HUvfuz
gAAAAABqr6moGeIiG5b1YzuQ7qxUJndAVIQEx6XeChHyRsREFxjXycGvX8DYzpsr6cpfAQIQ9_CFJRmACdM5P9OitYnxQWOLOJPcg3yfPiqcvKuWKb3ZZQuLhbEILl_M9vAh5wxp63C4
gAAAAABqr6mpZEgVbSERWa_aDbNbwYFq_V3xzTyOhetgNmVOErOaqYnpgSbgtYmlhWgLl4PsEhjbzoHWM9dIIOiRlms8BeTAZZjltqtbcS5PAF9Wc0Z6tJEbTypDDCQ4wUgjIAvKAtLj
gAAAAABqr6mq20vLjl7lN9Rg8DajNvqAgEICN3AkMArC2vqtxoepF1XECMnoRhBpvkNtp9LkBZJS8rIXfhh0l_1o95WnN0J2ivYO7zeLXNMuF5skPdRbC73R7S-SA_rWiypgne4VwzDe
gAAAAABqr6mrhGhsZONDOfU4qKb2RjFLigoYAi4JZtXNK19GCwOo7nwqujzI6IZL6zkMPX2C3IedWfW6vg8O8FAIalDZh7fSZnSe3rqzbZDA0ynMt1EYHd37H64c7xo4ipcMw8ADVmji
gAAAAABqr6msakUCFehifPGLuTYV_cUXAii3zjpsirGmbUneVBFcp_I7G7JlxBJpX0bVHGuHFKVag6ChqOzCiQbeJ5u_R__Np143SUKCh6Zz3neWQKfcpvGE-Vk4lio8rF8roQA0VauK
gAAAAABqr6mtCEQc5OyjQIk5VmekZvrGEYxls6sVUvvQl_Lzkpz8W_XnIhQGkI_wd43iDoMMUmCnHJJysEfMS3mJaWoIh_yGCQEJ7SYAin105zUoFyngCtJUkTgWHEqdZ44cKgLE7H7S
gAAAAABqr6mudmxoU-MyeCe9Am1RO-7QMog6xOvR_lohL9h8jDY4WQvirUfdGxUfK7ncGdHLtceq3e0nGj2I2iHES-8NHJehSTNl183zmwEblMh8gxIjC2g_bIwVUkJusEzQdtQV6asa
gAAAAABqr6mvUzA7lmFBakdtgg75QmY9gmdDNp7YbydJejTTz-K0ZLqiPRklnaIkfqO8m9H7eKAzhnAco1afh4_TUzpagbCS8QMougEqBqwN0gn24j30IaADFDNxurRBL7qsD4OHL-xs6tfwvS3jMHinh8MGjN9Jmg==
gAAAAABqr6mwWmPccxZy7fKuapI81TzhlwsFw25kooLZYv8dcAmq2S9EdLbU2Xy5UFter9NSxyIT87yp2z5BCsidYBr-Y0EdmzJmr30Pg80oH4MI-1G5UdT1E0aXvuRx2WxOeX5lif0fA0lGcC6HRKBkLFActzeMdA==
gAAAAABqr6mxQtOlJxl5OULpF0ahqNb3w_kamQhWBr-NATSOGqxVMsYHGpvDot5baAVh8Es-UPIOV4Z981Iy8fmLCqf4pVYb-zy2Yw9SXJgYhn30pnbHOJez1tEvmsmgBfpITDy9QQWNPmHIfqQOa4z1bYOpxLIeJQ==
gAAAAABqr6myn5JMCaKT5El21mutcUjOQjfD_frEpdY-yDQqwjZABd4FAOAKE-069dCH3cX5lDTJ69Kiglo0KI6Wq4qCByvb73FPndallxInTWsSDaIh3JQm_Is5p1_nYdQYMUU56B8gh1ZxnaqHSWTldDbRjL0dsg==
gAAAAABqr6mzN_LyiTTAfs4LlW_jL4kdweVHlAG_qKfhZOiNJedJSKXt7WXsiX1-3YHsmDXxGzwbAoWYUkXcCglR1cHBkNXsxX1_CK6ltCZRYXX9A5L6RYRX9YsZF2YU-bZJWj4Fuhr7GXX3Uj8prN2xQ_qN1ZoYRg==
gAAAAABqr6m0FtoFsw0QRU0jqB9IqfOfNdfCCzO2sRM5FSCEmhCIWcWaBipR1CMKmIoaj6AYaO5of-tqYdt6tRAeIdpM_-9P5Qhyt4AbiBxTwJC2kwvXDMczJVLyDow6vi5PSr_eUlqyQ-pS1-BYA5klR-Jjd2mW2A==
gAAAAABqr6m1tjTBMH2V_bi6UCE7RaQawJVqR1Sx4Az3YrtzfZUDD53fTd3uU_GF96EWNMUfBx2_3_dTGMfXPRMjr-tohLhCOH2tbupMs-qg5jUR3FsitG4TdO881yvgr_P11eyVPkWZ
gAAAAABqr6m22Hr_5x97vpwnVZE_9irtbUUKnEGSCIQFyswfUxmhdDEqMtUhAf5kfu5xWQA24wJp06NckSQjFBQD_hwNdZ5YZGt2JT1-Vtxp6QO9kwPhDd7veAh_UF4ZniySHJV609z24FLZ-VCEmJPcoifWaUaJhQ==
gAAAAABqr6m3HxWMr4tIFQhlQm1ioGiLpiLGWaDVlP0reBG3FSylw-1knE02lBTbaCYUfT9y17qxGZSx3gNHR-wFM8PObN0nPfcPFmI25Sdw14rnWbZSskTZyW-bH7DBmBh91zmzNGXXMGbUwuQ-Vq1cuXkZk8e0Vg==
gAAAAABqr6m42qIqLFJnggXs39wiQOZUQORf6weSLMNG6PsBOh3ctsJup0ohZN5Fufcf7XxusBBLhgfRGRaBPV5WFpg48RS1ZDhTPCANJ1twHV2B_yi5DqPV7YdwmDK7ErDdazIjdsIgmkMDDrl9vF5061MFirYRZA==
gAAAAABqr6m5m8W498WC5XoYAcIC4NkKFQSliJgBY1QyI-LQwuTlTrFPE1bGwGSzVx7p7t6Dekt8ZDJFPe8vo3dztl0BCK5lHFOAcOxk_Mb9qUrWlCZMK9WG1Kzj8hk1-zZMASTjrFgnrhEOMDtFPwFozxSrusL7Bw==
gAAAAABqr6m6a-6kSRR9i_uTxg--3xxre34EBtZaW3uxLgc-MQ3fxplPlf_LvNRY0yxJfqi3HZHv4Iw4_Mfd7ow7WYZPKpc3Q5xIzPHd6Y_UX8T03auSvVfbC4uNzyGgvdYeuBzZBSNe19SJZMWEdRuEtSBKH4OsXw==
gAAAAABqr6m7SKmoGHQ8Wj-hghRHVOaYCo4lIystk9ANcG-oXhcztcI0--ewF9qTcI65-sL3wI2owvbIjScw2Y8OS-IYBK8JXAqiUIRCVCVWXGpqCh9UyK72DOaZIeyi7RG1ofihRiqAUsXccAXkpNZuVC2Wd6o2BA==
gAAAAABqr6m8m0prZ9PqizsMz-CWSqDipobA1xFXMfckkrO04YTl-B5r-IB29co9wRvbcl7xE51ACcAXJ4UCkSXroyARhOr57_3nY316EZP0wif5p4KeULPGj2HpULt4ALGRzc8qZPjLDkT91EDfr_U4kIh8yt3vzg==
gAAAAABqr6m9RnP4i_A6NJIdhHXvXmMGAxCiDYUScyLeEGJx0c2onLYQIe68jJ3wtn2A3HZdpOuRIRhi41vdE4e1J7b_g8qre_y48eCS1Pqci_Pe9EsdX_7b34sIj0na6FYFG7Qn0fedrZbbtOO1Jc4wl5aJhNXAdA==
gAAAAABqr6m-5oM_9Eyx8-39Z9iad-Kwbd6pY5qNuE07KkFL78LIxtOW6ChAPQ_L4pl4XxGOTe7GbCFg_maM32ikuLk0-2GY_IbpJ63VtDY5l_q2sZBmzUxk1RTx5EB43KyQJz5b4bENSCfRFwjlQBTOVgzHyP5n2g==
gAAAAABqr6m_eE_sT7L40kM1UvdWCfVhiaMn9NQiTHIdftNyoxhNGNMKkkqzum09gwUYPakeJQmQl_zbEvjbFKU6SwYenbz4rDA_P-eFHKZ4IUeNkydqzsizEdKacZYc8WvS_YdAfLoJ0orTI8PoOtUzulrkClLIig==
gAAAAABqr67w31QhMr0OKJchQpQcmaly7HGMnwkV3IsuFWO51c-QSaqo99AHe7AUDmKuA1YAW8DHF70ZRGlxBE1cxrGEftM_0V2nhslXjZRbg7dL31rvYK5dcUdUCLOr9NH2rFHdtlYAc0RI7E6qU-rC5lqYSYiWBg==
gAAAAABqr67xqbLzjkmFOuW9gRbGQjoKrIIY1mRqEHYqJw2N36-dj0b1VkizEBQM32cEF3zzP0DvHXxvvDK3a_XNzGZqCk3GkGcckgIayOAOMXIdAupyufEWJBKqi2e8KPXJdHxT7tql-3rBi_fLuy8tkBRgjSgScA==
gAAAAABqr67y4h7P7hEnmLcypuAMoR5vsQz3pk-1JRUHvRO36F-fTFVlff8_oriB7OyYTCxQctDJDrUEZMLfmKgexLZh6bKllfNG3jZENqR_fUnhzYOz_1_-f4AMf9_gjO0f5a9pUpNgXhaiaPcG9-7hVHiBPFM-dg==
gAAAAABqr67z0CwrH0mkfEMhSxBSiH36WUAmhVaurzSXAimP7xuy-tuDh-pE7wTnhAitdvX5lIXov2xJazKTuh8_B1Bz8xNjEqXeUTx0Ng4_lyd7CaLSOuAVsoPFnBVCdFoGdD3Dy0KM
gAAAAABqr670ZRIWX2PimpO-I_gKDAsCKj35w3LRMFA8i-6qJm9_XhwUNhKqBepAnXvYPm5KgwgdRKqnfBGhQhNeMC9DTogeaYR4TH6oO6rJTSpQi1EMXlU4ubwx5xDmD7MZGD_MBr4Q
gAAAAABqr671gIL-FmNBuoYj0hvvav389PFnjZc_mSYSQF3JbAlCFouLjurOR6SFiHhNDmhSBwZ3ekqFSBaPZshBTBsinsRtEW3CZS70YyGwAwAktYg0Lztd7aPiZr4VP48U1ylKJKAXMT_VDluugnHJqyEK3o0hUA==
gAAAAABqr672WazymQkgMfyGSVmoiaS4TrQ52DFnkr0V-h54RZHRbG6GYZj9B5pvVO2uWiU3nEr-ljltbnlOnLj2nzfl-CeZSMpZJ-5wLgkgP6o0D4CuS4PQ_TGlGgKTHp9fg12j9A1DCgCeugtuz2u_z3OC0fagig==
gAAAAABqr673WWKv7R1eDMzTpBsMFEjZzmcpFcNKy7ZQrCbu1-NCLo7w1923IFceKBx6ZW4Me9bCeUjg2pBWIhH9SBcxDvqC7h3difof197vSMTtIuBL8eURFUMufI-SjVTykM1Ot-JJb6IjjEF06-6wdNSPok4eyw==
gAAAAABqr6747pS4WguB91-SHiZv6T_LWR8i9UaAsLLmtzqSU2x69Vm2ewIwA2F97mF3E7wvaP4eRjeoqU5IYFo9YcR-CpbwGCznV1k-Qt_MrMxynCxPsZEqkSnQjT4lwbjVKo65jOdjDzTfO4fByz15A8CbxHfZkQ==
gAAAAABqr675uf6t6HCBtAoywXRa_LbcYWp7bdj6Go93EBkRXJkCPzUQ93HL5JNmXHt-DYypqPRresKYevTUdqeciIkvfJgODhpfpGO0_lAjl4lRxVXbezYH6Py_1ygRpcWvhYBudTJ8mG4mTrIr3q-ctpZ_AN2L1Q==
gAAAAABqr676_NsCcICKrUGmqJ5CuNWWvVeAPUDKRJ-hnB9BO4jNverUSTC5R_e0LHS760YtFt4boCqocdS0vbJzhldrD8tAixH5f3pjOIlUcDZHpv90pDMZmCB6XSgyEIhA__EDMkW3r3PNefO9gFYFGnGHfEp1ew==
gAAAAABqr677Zf1SzC6PN7wYTZA79qKjpInocqI1SUI1M_hw6jsZRgfDZShHnQfckTSdBILzbRrfvu6qQesMV1dq267l2vktnajCSqu_WGGqnG-fm1FqpmAgnaXcSbzp10U54R5SR0Eo
gAAAAABqr6783wuyaRV0Rx8_k75PCz7mCr_x-DLp1P_mJhXDD9xdoeo2KfstC33u2lZnwRd0zDLr30G8t1W1Nfey0mct2ggpKap6fUs7J-seUV_RMBzzNSiTzKj_jOqNx2WBQfhJYfiE
gAAAAABqr679sQraSIl7RK2ukNNhfaini3E9j1VvCq0yorMtcTDRPinGrUTKOZlFmlSP2Ipcdkxpjc5KTyGassdQHGqzX_uED5-WvWPJZoMltgfVpznusI_foj2EN3LRUHu-6t8jqNUK
gAAAAABqr67-rSVftCHeFTXBGK3c-lUd0mmD8yKFpOh9GBVRiJESmd3X_CowEYdJNlSTOuO6A1HWVhouYkSpuXrHo-KPTKan3uDmt_JDmETC8mYGYC4yQmYK6D3oYabO5Ipe-MG3cUseZZXt4sTKThsLfg_DVe7y6g==
gAAAAABqr67_SalLd4A1X9g2kgc8DZ7Nc5QjObRoBxLphU6F7rlmjWXgHfoPx2_Pn8YHofCwr_eBQzowjUNhGyJJRJq2Ykbp6K5TakhAruvgsrBlgnMfkSlD1q2M6LreABxCwLRi2tCiiNsYQrNvJNtGBmOuZ3WLSw==
gAAAAABqr68At_g7Af7NM6gW3g6BkxthntE2QNrP8iVmd7L9RGK8rAfxJhkt9eVFPkhTkf6mVGXx-PxSXIdMTKwZvWFccZoPG1tsWmIpboZBXvVFxM0CZclO7fisUEb3o_bF0FCdfe7B
gAAAAABqr68ByQNPgKPwP_Cg7V0665ROD47YwwdrLoM0Tf7zjbZkMPCLATdYDjRUw94u0D5KOhS6mZs8WAWTbfisvPgKQrtD1CekKaUGgyVONDvc6Ij1spUD79z4Dg9333yrRQE2coiNDZqaZFEiYlYCa6ORZ92wWQ==
gAAAAABqr68CERCaxbAGia4IFTZQB2nqCnXzRC7r2ytJ4SEbbr6Bv-Lc8zLxPxkqTDyAy0icdef07qt_O3Bj_7jWn5vyhqjNqES_2fd2FdvWCRrxmMrQSvvLjwRCl3TrJ5PJqyFcILsrHhDC5G-14OxhKfwlNtRrPQ==
gAAAAABqr68Dizb3CwM19FC8BryAIvFpo69Q7XnG2CrR6lbxfOwTvRDTJHsz6_TwqlG7enER5udKAOtfsxg9qDZsSQ1gE68W6u7vsDGTPcx0Hil9OTiprH3GZKF_hqXpbgZYG__UnxfWJW9N-rTjogIO_Vzk-XrQKw==
gAAAAABqr68EFC-LMjgsExhYogNCRA4vvu8SPc-Zwpc3UrZAwc7Pkd3YOqsIPSyZL8PEuXB97d_ZMBWDDV0NVrdiPNBjGn_9QE4rTTw1uRYx5h_sPxP1By6zk3hrHjrXSF-CuWb4pzeLMtZ95Jv38SGYYuUG2IbOSw==
gAAAAABqr68FsCgdPdqZmvOI3ysoYPkDwdQ6c04nd_-uJAHJJhlMqgUdiHY_RfFl4Gj8nxQkJycMpqvmXm-zmKxJGdlCLvWywYXI9zlXuqLdY0_EnkbjX9cwn7vycjMmXM8VZfbEz_7t
gAAAAABqr68GcybngVnkFrSawj9uO2a3m0rakc2BB4m6G0ZrZkg5heW8Ih0coVjyWUy-mK4prID5b36dxfc__zEKaEaB1PYxUn4C0o00ztzG2i4BWrRSuf4KyMg9-ooKBrQIQvfwIcic
gAAAAABqr68HQTltHZgdGR88c7fq_2nhroF9DlVFb0Mbk29RXealHpYRKQMdl6EIqQfAnFM9TeKcyIknyX17G9euPaCQPBFEs0ulEv2pR7SPfEQ4iwbMEkBLSFgDanbBNOU0_jfj465uI8HePmOMGQFNheud2UnWZg==
gAAAAABqr68IMD55CURQtaj2Jnhf8RKWd8eaadLP_r-DPGOaokuHoq4q7Wv5lGbLi4CfWNNTIqqQSsY7qvlKH2s_0JFzM8AuPz-pQO6OS6reI5AJWQOReQzGWdC3FBhDsfh-9VOY5GoW-KsSDcK1BJfrKls8gWRrEw==
gAAAAABqr68Juxm_dfp1vio-RepKiXbObUoPidXB8L1AfRHa0rPlnAm36JSrPYnpIzZh8huZ8UnW48KVSyXpGqZLzuLF4JEZygZ_tRHOD4sBKXN-sR3335m1EYe8tVm9t8t1wgGBkVxYveyi5CRU95beqQTCUfXqIQ==
gAAAAABqr68KNZlKbJ56s41bjjve0hr48Je7KcFYdCPvr3XPKVlTZ1PV5WFz057oUXZVTwIdwZO8-gD4QTCJu4galRY_9_fcaMtWyVIfKfRcFIy71KshgGQ5m2UIZNSbKtbmPJxUBFskBRiljmtJFahsFk5_ubKK8Q==
gAAAAABqr68L7KobWSA5xkJhmmLfm0tr5ha5tCsnMuTbgQhFME4H8imq40ajhUAKfKqfPf_UHdZIPTzrVwPKmo6Jgx9T4JyKsK1ZyiWxOVmwpuKXdiL8XEL9lZvOKniWwo-VwU3zTHkS5xmTI6azAjuuGCJ2ACe1kA==
gAAAAABqr68MGEj1kwkDj2KhPM_vtuJEI1Ji22qAx_cmpB6vfvV8Q8dU3a5a1gNvZx2os6qMxadLP1KFqP7PgrY7gPsWQ99xMrjzkp9KcUHjGWWXwZ3M1e7qFceysSDRfxQhCXHY6bCv2vc9yVAmCRlsnId7pGUGsw==
gAAAAABqr68NZyY0RWdR7bHxWQ2X9AJ6UokVAmQEA7oHRZmK5EkEiiUBwMmuZo1VwVhfQZlAA_wwl3VIttfZdMGA4kFfwrUCmz42W5h6TM_DpqDRysjC5BRFll5iHWhGnPdINexkLxln
gAAAAABqr68OD3_SnaLw96bcRUIQoXNUHh90c3W0BH1C4dfXhfTKC7oUAPwzHAFO6HVMi0hXz83JtqwuroCRS-shXEseYOOvw2-9ri79JMIfDRsR-NQYawZOL6UUospyCf89F-pHLf_A
gAAAAABqr68PfciQNCr36bgdA924VYaY-qT-ZLJPmns7BWzGK5iuaLiOItiTSpuIF5UDXinNXnmyHxQUFCqDGOMRF5DMTBXpkiRPwk7TPNh4LwOdIaL5TdbhogAm6CCPSNoZHhHGDnAGxxZ4EgflxFBCe0gdPl05lA==
gAAAAABqr68Q5MdGhUAVivGTsRE9qWBsZrsfQ6a507zmpEk9a4PZ2OkFhl4NbUVxSnwXC9aoEkj5wog7nMnrPljdy_3EdE7-CMvsINBOTPHzFj72yeK33BFS_Iw_vrsJSP7ftrqrJPT7XXAhfJstgpW3dFXgixJJTg==
gAAAAABqr68R4aYxPQc6QEMQ2XZ1orM1olZhI6cEAD_8Jhe_nweAavGxluMfqOK0WdsuJAYHbrxMMbSiMGOTjwE-BNCfOqXxTOWagogqDeHdOLfZBMk4Cc1P-l8A9kzQU6y-BR--iV9LmtHL4Kk3cdhBduprRYtlSw==
gAAAAABqr68SL8LsL3XcuFhoav0Mh8a9V9BJBAhmEpSgxnh1g2MVTPQyoZPFsYkRaIfLfdf8pc8spzQI4gPQlMZZIEXv1B0O0ZfNld-dzp_SYntbhekKbBOaozE81-0eBeqp87CfqmluCXSbeK7GWzr1da76SNiLEA==
gAAAAABqr68TeiSnw7ZaytFPwEy2fe-LhZma1XRpzQkWbE_L_8OU-l-Qb3s9N6HRLZGvg33z5RFEYqCz4Ggs6-LSKVYEMePEoTnL7TJU1ZUg9erEYSSRBSEOCp4aB6JaplOPqIpMxWqHlyLKPywyObBUSfJWzTAt-g==
gAAAAABqr68UGQUYiQ0VY-uBvMmHxJjBaIBMhgQkbGJMcYEobbtVl5Jut7UUz68smDL4n_dGWm0E4CHZgvwuvlyZTwE9WT1IMDnkiDTSIYqHuOc8ohuLFkAtc615bh6r4fWqtxdErFO76LM_mxKhnuIYrapegzM4ug==
gAAAAABqr68V4WyNTN74L_0i4IRgijEsDOaj0X_y4t2yt41qwzGoB8NH-N0cn3Le9XKEnVXZct3urtzlPF0mqp8aqRTxE-4nZYzKk8OWp3hANpDymfueGLW-PUjrpt7v9pZAsKUGsPiy
gAAAAABqr68WEMn6tHrbh_OPr725Gs-igGL1OQZsnKE8vO8Rg8WQUEPI69ZRLe1-Lc5g16QUTyQoxh1WO29Hblb9jW1dNeQVkuAeESabuYFDiQ9Dr8A5IK4WQ9OjNy7-vEkHz37O68_0
gAAAAABqr68X0tWyodZaOdZrfi7G39JRRWX3FnG08TyjKqk65JtW9ZV8Rx-3Uoy7eEtqCOh74D8iXP-dCK2s_f9oO8rPLeTpMoliPjm1rsNv8wiKDgNugJ6XOFCtGtz5GtljA5sZh1EC
gAAAAABqr68YIJj3FyxbxxnvwX0Pw1VfAjqFy6tvO379VEOsg7iQnNaeuS2kZFKpTmZvEfIGw8mwqiKNHgNtK6q8MdLI73J5I9IBYZqeVN1Ygswxb8kQi-PL30TAV2v3UDW_vCqPYfca8r_F5Mmo-uk51mduDbWXlA==
gAAAAABqr68ZCtx4Hb1dBRRez5S7Ae0ZSZcODcE6y9op1iIMjyOSvCTZZwNGe_F2g5w8e8PBV59ZpMxXzB4g3wmr0CI6OHE4ZHysXHNB_SIUOtCdxGoiMY7_LfapznspVmeGXbm9B3RJ
gAAAAABqr68aG7hwiqBZnZn0Tvg_o6PYpy3VhBXeLuyy1AG-xWSs0_PGHzwJQJfOB4xGkxA4HCROfJ9IDv_kis4vHUU81wCmuF6kz77d6FM_jOyAaZpf414LzOZJAe9j389z7yHzFt_v
gAAAAABqr68b6Y2C9DwnXG7qsQfPRCjAljAEvqqwRznNRnDNDkQdJ4lI6Qoqnjmi8_rNnbwTT3ek0DsQeFt6bPPVkZI-vDVTB4P_4PgwzfcTfdBnEzUHKSAofdxziZlsuhKHUwJK9tQn
gAAAAABqr68cOZIKLD4J3sr7d9uNNXRdst6q4T7-Go1O3e6hGVzOa1MuGdZi2wMaIzgU_32aCDXxHqFyPlre556r6CFxOwPs39xOFRWo1u5jJH6Df--hG2MK3lxwOkIrtJFqhSLpsqWp
gAAAAABqr68dRIiyifmQLtuKeeQyAPXWffnn5_LvFP11W1gLnMRQ8uiT6SB013p5cOTQIvkjsLNrIAkrFErIpMZan1SUyK9ocENWbZAHqCglWI3m8DVX32decPPbVwxdrAE79aXKxxpe
gAAAAABqr68eixBwPgmmFy6ZKHKRMl7JOUvSVGlLLTeuzrZ2Ey_M1eqc7-iNm3swel3RTHYYexkcfehFp9uW9RPT3pVdU7GUMz0gMcXCZjarb4SYlDpr16SjCPHVW50bhuRqGxrkKTmO
gAAAAABqr68fERsNlu2YUHNcGWMZA4-88w9HmTWlKjE6aXmz-rVCr9b_oDkgu7o_IPfLZ8pw53Frfxaoi9KzpeyQIqLm97FqgDK7fDFKAhuS0jjjs7z-J8MlWIEHJ82qACDZ43vcyvwODHQ9UqJc50v8A7czKmlrWA==
gAAAAABqr68gR4S9rOFSu85Sac4rMJ3uFDjCLFIXuu2-dVWnyqfxHDGLPLXcdjUqfElEHJOYyxRuK6VMLXDpbkKokWvMv_ezi_Xm4JRM8AdsP0QeNbAwPbJ2cNJKy0HBgB4C3kP1F6qRSrKi5alGttPXriMMkGsdzw==
gAAAAABqr68hOmOkta1AtZOuTulH71-nmHzoJfR_nJrBRxFP8g-wYnz5DtN59XeYzoPObJ-z92WB3RLACVs6PG2j97Sw5EZh5rgT1XhX-FZXYzfcdpXxxPQW0_b7E-bYVBxwAF9-Fe1a98OOcrdh2MtDyMjfZ2ZcXw==
gAAAAABqr68iBDZuWQKzzU_eSctlATKYy66ZETO1uYoyNuCyKkHVx1TOqCYvFhfRfitx6h1_nC0QSA2JAkGeulBCj3NA3svOo7M7C3LXiHhuqu7xv8my99pOJ5TjX31AVbzDHnRiwztrzj3TW_1b1bCangPRuHpoug==
gAAAAABqr68jp9kiBNUlSxB9aWkXbWtLjIIc8jdtE6qrF_l-26uYeQHEi26KVQiQyPf_Fj88dlDuV4u2u81woefa4aUT9YjdtxrkMNWAzpxZotk9yC1F0ZXOMUpvw-QrhZNplvUt8M712x7CWDwMZPeymZFTyQOc5g==
gAAAAABqr68kqYxEunmje81UjKrhOXpens7w7XyPOG93Vj0y5-QDm8cRdlaLy16jr-MneM0SNWHu74P_XXbEksLiFx-f89CD1prsqvTxDOrt0jMzhewlaGHPAfLt0MrIdC7Ds3aVpjbxu_cccREpTvlqPYW4r3mLKQ==
gAAAAABqr68lstgMEE49hAeRtaXNej42D2P7Ed9VSg3XIdvqZSiVAchElX9kGtAgKIWPJeFfDfhH1eqlJfmbGluCB2h24J4wXTT56p8vo9wSW4ECnwSZU2XmePTyFH4cXTqdyeVf6w-GbURYNBKi_ghe38a-Sjbi7w==
gAAAAABqr68m2gmw0zfJZ3aKi1_urJzZiUJs4Zd_IQs8HcBQaAthZ_RgMAE75NEPc9loihGX4pwQPu9hVKAvLniKWwm6kt3zpWOddzLhpEk32UI4HA_3cXlCj2b_-or0WpjRkPnFTIQ9BzVwnTAS9MXSDjA5KZUKDg==
gAAAAABqr68nSvfTc5ZO5BnuvVzropvftmlONmgYPj0D_M2mNYRJayI_ZLAvvs7C4bhoTk_WLVLCmW87FSeT8IJa2yEtjmxrU2VuVxFY8VxckGjDonxelwlYAzFsA9osg3UPGC9DyiXqJEoUO2rYz0tzLNfojSJoyg==
gAAAAABqr68ope6ZDeDKtU28SEt4r_6hO0clT7FKW3u4NLVAK3V0xJDDpIAuENtqr3Edx7LFod_8Oms55YFrEhKaklVKd-NxaPNMxUmnGaxaX4IyEYfuDm38qsvbLe9LIPD_vF9sENDRBJ_Lc7m1MbqzoMXSGHuTDA==
gAAAAABqr68p-e0o9nyA3UJQy_RB0XvmQ9CQIkrJFz6sUnrKDmG1ht_ZvHeiZX3FOvWMxkBd3Um7Ibq7MkA0bvPegId7MagKg0tBrcXkgs3oHUj2RALVlJM1CoHbBYRSx9jZq3ipPXXZrc-KvUAWQnHwu5vpd21S3Q==
gAAAAABqr68q_9VPbrbv5wiloQEopP_UakaL_rEkYMfa81XZZnMCzEiN8s4jaBwaRXI24DouXgEgeHawSVo9Mtk7tvgMetAqXzyP7yu38_yYjpzOTtXjl4f8VyzWYS-_rq0AC9MEZVPjAS2hZpsO2xadki-g6CmmzA==
gAAAAABqr68rJlrSZqGSFBLUNYUaSphS99hjgIkr0dNPnZQp2QTwoA7JhLokoQy6v4Q2uSvSiJv6-bWzhNVoyY89W55JUn8S91Lz-u9gx8-641vtvnKNhyyd4xGnu6L9kZVXN4OeWoBxhw67R7idl2wsftqukjJgug==
gAAAAABqr68scfMrCWWsDN1bnANTpfSJFfg-1zBALfeULZLCoudyS-8j99i0d-KYH-a0RfJKGxpPrkeUBCZRIvQPQ1HqcKF0atgjCmrYiig-_UOV4xU3kS5PJeN5CvFhhR28jXNkCrWf-A1_nBsEzack7kACt0MTIA==
gAAAAABqr68t4q5qTKbthVqNaL2JfVDDwLAOO3mGW2n2jnSAAXrvgcwNxQ7GjZzuVKRipM4obBTocZ1GWXYb3NZGIgI7pClxCM49A-LNAPVIn1ArTI1H-SAth5LU_GXqyxsIr_0lfJrZt4aEFqSKH_t5hyUhro_R4g==
gAAAAABqr68uqi2KKhx0VwiQDGaFjR8rWMab37YUuy8MjdhHpEVLHh6dx56sRvx67tWDZn31XGB9oqY8nPk6an6asAQ6VP7IEz-H5z71q0RtpOxTxZXSIsY8Du0HQAWbTJC5IBKAOgkdv7BlVzE1ZLvSQ8DpsMdavQ==
gAAAAABqr68vSGzJ5dwaOOBqF2LY5d9ll-PPX6e7Q824GjmLoxNoKrQbNfGfoOdExNiQa1Nr-oztBqrTK8kHXTF-B23RQOCAEMnBX3aDMKog7ZzR33Brz0FyidZ9eT3CHaqDuT9Yd9mDWjk4Sm21sGM4cuwkpr7P6A==
gAAAAABqr68wYc06jUcJK1JADNKDeYc9NIYh4c4hNCgyVxoi_1HP_Qd6o_COOqYoj2joj76nvBaZ0bpB-3vywIvd4ukCLhWEEhc2NLTtvOD_XcG6FOdYJaKR7JmPmLcdte3ahcg2_Vxa-4_4DYoyzj7p9s-4bAfI4g==
gAAAAABqr68xgEz9X0trdUG0z7uZRvj6rjgGHXl7XLcFBnQBLDJS6qN2A5TXlXCraF691nVWjUGHvPYZEbfKyRqkILVwETH7FVg__jf9gDo55AoCJ8WA40H9d8GywYPXaAZzdtQFyWUwCtncwNHUTln7k8zMtYrbnA==
gAAAAABqr68y2XH7qZ_AMh9CySVa_mPkklSmjx_kJr_s_1GMzZllSToPvZD7q4Mbh_iy-hgauy9mULNJ64Uu0x7Td7TD3uaKNGWRAEHujfnG9XaEW-axwcTys-Wv_S6CT-76fF5K-2jN6fUe3mJmim5dYztwz3oqEA==
gAAAAABqr68znEgoWiwnPmQusv3bQ_9WmEYRc3AEDDevOv_nWVlZMJuO6wYi9eVylB8W1yquMQ9ERnw-CcsfPhejeE0K-6TRCRZzsUrA5JiC9YrrTj7qcoWujneBPlyYsDkCntSia8ncN4rHIqidFzCKWacL64OkTA==
gAAAAABqr680bbL0T8RxNG88Eor0vQXbsh9MgVCldY7ZTfRFQin6Bry1Q9eH5tcfhn_lGV2omlp3ENRnDtnZww7HydTAaCC97X2yw3JKq25ZFsgumcRWadJyYTNRlV636FxW48lk803_
gAAAAABqr7h344kk1243LnWvdykSkzPyPwrYLEW0APVD3v3kszMuH4qiXGH75itMirdikwXGqorZxVQFdlcbQg5NrNj2UgBm-DOqRx9SDkKzuuu4fhZtHsmJjvyduI_Xco0SbNtsrBtR4efsqDXPg6VbPrc3bO-pyw==
gAAAAABqr7h45zcnlPc8v_QmPUqec7NBviASGJZo-2W363PnwuXVS5ClKaMDkBmgOXsorLRLss_Ft4Dq9toyqlsnIebVpDPtDArenFniW3WehZFGD6_z__X49hyGH3rHNCDmTEOQHo8PjxWcIct9-t5mu3TJEGeOPg==
gAAAAABqr7h5WevtIB-TV8FqYFq0zJk2kpSsWY42mdM8ljpwgWSs-PE7uyvf0Tb8Qa7k25YN5oluQBc4v0-J-uEyjrrN4cEb6Ni0uBPxg-Fp57ufls8aEC6Dju_u5ulQjFKornEZi7-jWvSAjZ6C53zfQbhJh7NreA==
gAAAAABqr7h6KN_15pSrorXM0udMp51YSi1vKbQ2XofsmOUgKyaBejafEQ8oi8OZmImIG98k9zO4OoeX4N8I4eMl4fGNaYBSduHJtS-blHKUMlawxcdgdQQk75AVloTOA7A23cNOUA2qAaYQ8wkQH8zhKKWqdjDXHQ==
gAAAAABqr7h713fDpRTznPi2Kdcrhx5sOSYKB-nvWsCApPnExi8tFGOTVicSzsAfrpVgxz_RTUdH5MiKe_KQZV3ZdAjthZlVyYzXdtTHPdsM-J5t-Fp-KeW7GdNyEoi5E_CQ1vD76DmRfOGu1v-h_XnYr7wveiOc8A==
gAAAAABqr7h8M-WYGR_QtSYU5qLR_POP14YISCiBN99z4bNJnYRehj2kFxVEcP940A1Khle3mP3ysGnncIDgEPOnY_tDEn3oBNlWYNBAfLwlvHCleZBYbysWiAhF-WixCoqHlvC1F_dd_2VJBpT9AffJ_czTJWh5wA==
gAAAAABqr7h9Bg0zfov7ksadC1Bq0Ecm7uboHHT8vgWirHAL6mUi-oLA-em8xqmO4fjd7FYsnyC699kvAoi5T03k_4biO3zMHoEZ17w9KLgX1TextM0FnqbNz2UIuhgSttnlu6MiwGlkc2THoJsOjxZkJa3xuyu52A==
gAAAAABqr7h-maswjq49gctDz3pf7BmSVuoWRt7nm4EYSBQ95W2TlbcyfU2ie_hDpWXNHJwr22XL8U0ucyM4barp2kD8KE3vFRTrQ4LcBUmy52U4nmIg6G9L8vKPzewZY67d-g_5O7rnaknQHEmVaGKLmONZzC0AZA==
gAAAAABqr7h_t6gwALEtH7SdbNYeBhktAPSyfoFsG1T_oJYnqC4F6-zhfvSS-YaLFP5-9PFMYYAL_GbZRtVNAsH83yxWVGD0XEcCvZ2ZPko-uYwPNmeze42KhdTos1vGG1VT-HajyyDTIC5yIg-tVJDSRg_KRN0nQA==
gAAAAABqr7iAwPlnXfEtip9kUG726YDPnBNNBXQ9z-ZAFu1gETm5KGVK2itGGK4aI5ttw1_JdD9MwsQCDduTaXNMuOVFepW9pmObbM4D33jmBenCkR86kOcMpS34pxtuwG0YCxM6f6Mg40alLCuGBvIgk3XGDss0KQ==
gAAAAABqr7iB7k7iHxduhsMHJH2197Lyf9e5n_0CrTTbQbCQ1uxmgcnk3sV_GDJtiKJp-yQSj5-svQwfHTTxUfq0Dzq-GJu13LCynco4Zy3UcWGifqKrXmgA7jiBwEhC5XYStp9j19TSIIQ0bk9dWh8lF_YsvzrDqA==
gAAAAABqr7iCJZHTfJtl_mmXrJl3_0YKZVYbIQUYPKerj_sXsUiMSS2m6zkenTkHOeIbFRItvsm3Opejr3KSRJwZE1iGexp4RgknsN5Lx8fi6q8EAii8Do__53MTo2R1X5elIMeeNAo3fWNHH8gP_WWX32GQuRIdEA==
gAAAAABqr7iDx8ULeCYXzS8ExGgZp20F4cVSugC20BMkP3mB3d52CDibJLngPVSwJEt9KGcYeulIcRdsk3dPXWLTadGmYCzJK0k4HKE-CuWtev0jkBvODejuGuOlGQsgqRZPB0tNiqR1TCeJo8qyF6XJi1QbVglD1w==
gAAAAABqr7iEYngkRHt8xAd4RsYQVecDbLhajZt2JVJ4O4zk3GrWRkVz0_BXWkgWjeXleCtF5rNHE2Oi52MjansrG_pebp8UyK3XyXODzLqhwh7-rD8DR7NmgJNK6-oKbk5RCnbcKIj7Nkjj_9bPTzkrJGOGxUupFQ==
gAAAAABqr7iFSLYotCzuZqijwhotO0RUF68sT0yrplobbHqkhyAzVr1fcwpPlw-ERJ0OxCq7eorhwbpCiaTlsLQ91Md_J5Muu-wWoBY6FJIABD25wRkuugRNl445R-dPZdLi7RhPm1BzgPlRySyANEkKw8Nl_mSb5A==
gAAAAABqr7iGFoiGbuZrPTA839wuNvaKXb1RzpQAmvIQXE9iK2jH4qVOXNGImIq9p1ZLfgcCfsaoMB5v284eamBtuVCY1NUMs06sJNAGL2790aflnzMbJVnKZAcgkKJTS_aGvOgKuaT0F0jPvr2kCuX9MDqjoFnyfw==
gAAAAABqr7iHNAyIplnGXzveIRncjnkLfF9n876s6a-UF6bsWXoe4M0Y758Q1Tl0aYqgnNEGIXTqHOF1bsZKOZkUW8cKLhzAEML3TpG4Sj-KDkyBmalbfUlu63_TWch5T0qYr9balcauMPqNPvaAEfyyuZFo2HcwpA==
gAAAAABqr7iI5TV6GrwdYijgNehmPP-rMtyQFW_FIJSnmhheu3ynTjMbtdM_gjcRBVspIGGx9dlrBEohICuOqAilvuMexUZWDJa4qWYgtYEKMrQSZu2jsxOkAEf6qXHCk8EmRfCDw9H_wrcFa03FWGzteUAnrkbSxw==
gAAAAABqr7iJflmjO8Gv8anzD6pny_Dep2EK8d0lTXqCzRazz6lleJmA4dsv4Dmk9uBtKB8V2ysz9vqB3a0Z41e2aQnvwxoBVD1gtRmav1O204b7X5Yo2qW2xCW94WO2KHxbg80Au8pofsfQ3mQINeIqx4sM7JfbYQ==
gAAAAABqr7iKrMhXCYJFm81plRbS_wpPTIXPjJIUkMHDvCKJhZ9R6of-HT2ckR8ww1QXYLuAObAETGdCMQoIgIgnh-1krkK4NOXR1PemfxbNTWC8fvM0tIsJMs_6Z9fOGfni8dMRrX0s-6NN-VCLMUxqQ-6E2zUstw==
gAAAAABqr7iLahgRBhMCmP7JbBslViLnpOwyCS9P-dWB5WdUcxToRYJo0Q0ZdsqSHjYqy07r_wTByOmPs3eu5D7eddiY9sWQ8wfLhSQS18q27YBJPDTMIIrvGNpWctxlhcATTCTQ8QpJUTd4mbcZrdk4-nP30dUdYQ==
gAAAAABqr7iMxov6OUtxu3MOVanlzDqBOhr6FmxX9M9YD_DNZNSaIFgc9_cGwG9EMXeqc7Rhzvfuhhr4IAWQxLQbeAEvuo3TYAGcl-5SOBfFsyvIZ3Uje8GPIXVGMBmMtRmXvVZdhWgKJPNCGpU2kUmlRsg4mS4MjQ==
gAAAAABqr7iNwWZLJ-gFwtgp8Rm_9XH2K5_5onxMCMsL3U04_Jl8OYkG6JmR7WwqoSv5J05D6Xtsjqj8qL4rf3-VhRRP8zku-zFGOyvQXg4gI1yc7qUPkeh_RCKLiZWjOd_sc-AlekaMj0_KLjoXLtfvS8Wz6_yLNA==
gAAAAABqr7iOrwaFxeBl_z2pBUkj7hXV-rp9lwL3d2_hMulgQ1GYnP5W7rnylHWHU42uOf-eM0J8WStYood724ec0PTbaRO1sHZuiUtckwlND1Lf35UOivsQLEPMzBl8Q5Alnl5nYDN5BBciRUl2MovJ56maj_Oz2w==
gAAAAABqr7iP0xOxzzo8GTKwQAqIkO7WUEtRhS9vKNgAiTQuoZRXvGZ9enNXwjy-oVon3DrwHrdBzQUBWDonpKi3jxjSiDDXF0jeJe3tbO4QO7vCmpEJUSTj5kKEIRCwt5Gx6CPx7lyoEcmtV2jxjbHNXB5GHzf1lg==
gAAAAABqr7iQUVwCUcQyzMf5o_8n-5Lh3Ez_BnJl8n7fESuMDAfh6PhE87IKY1k-WAfA6fDHHyCn_zfdgo70p4PD4cJuo95oXvQBVqGksup8Dkfn2tme4brkGGQsBFtWAyBkQq-CuTC_KwT07EJQgwKYI-0cEWFepg==
gAAAAABqr7iRxB1Pms-rFAMKZXbeWo0TaILJ-Pr_WTTUCz07-aVNMANyQ7xlrTOe9i5LxnXIK1XdIPdwK6N-pJWcfoE82Gdtj6-ONTZlFVhVIib5WLzedwyjl4YMsi0YEZeDRIRrVcqPYV4XH7f-UIqPqEwdQl-jvQ==
gAAAAABqr7nPBEyRrOcFEC27LHF6R2yA_vAkrmNlN6uoEIIrCHjLHdd-enIO6GqnMZm2cPcdwNxZJ35SDfO71rpX0KpGuqsohdkaf53ovp4_runl3jWj5C3Fnb8Ko0KKKVUuEodPTilwfYtuZhrgBtVWrKYNq072Qg==
gAAAAABqr7nQiI5IDoIzzhcRorflD2ZZhxkoJRvZSVFd3H_a56X_wuyaKOaYeMeQ93yH2ZD98RNqjn3FvlM2yrilA_aqjL6YO5PWC8hOP3F4F5EuxObGoS39UJfiHgV0smvt47l4L5WFVqqlIAICUiGf3jrTpLuYBQ==
gAAAAABqr7nRrcKrNC12_Neq_doGCPr9JzAsegs46345dqhE22Yy-Q6KKPkrxnCcrFSeO0s90gnNFOsduw0BlXKON5k2XKOTW_Gug9_GTj3O_UCdwXVI20-hssu9kgkAC8MK4GG5VK-noYhPiDaHgV_DGBDQtwF1RQ==
gAAAAABqr7nS4pijk-bgSL9LN0TlYr1NuDY_voDE6tp8YlSZmO2uR8FDJsneiIOgJhbXBNdV88u0BmVexv_Te0z9EPLgoIDmDFAQVCCtpTpa0DL-Ms6gjMxva-fOnAUswt7NKogQncq4L0pSuGTS0pzQJH8qVPN18Q==
gAAAAABqr7nTgIcJ-FXxp_cret6PvIMBO1aPqxb91i9wlheU5NMyTMi1f3_VtQXBoD-7eelfYzMH5kx10Yee64Qw6xfeipc10aLXzEv1fSnX2FV9kmQezyQJPYhfJtTmgF1ayVss_RUxOY9IyDMXz0qALjKfWFI5hw==
gAAAAABqr7nU9VaYkhVwKvJtDGEJS7mL2JfG8NfJ2mHr4TasY64JF2t-PRvgcDI9UHETh3LpmFKpRIrNvaoFkZKt316YeqPZh3meSaAIubSaPUAXJG6at1efStNJa18iGmlLCOQAWLZka8rmIY87ZCvykdq7DZBU5g==
gAAAAABqr7nV0hCHOkmWZbRLWCx7AOR81wawoD7hum_5uJd2a6B-aDLNTQEkCk-8d3JWxxwAIwObOj8o1jDyCUl0xvYLu5Uuh-w-NS64BsDECRhRy8z1F6sz-gtDFqQrnODuh_bvw-m4IV_iYQmjjEhIK4yHE-Degg==
gAAAAABqr7nWpYilTXQq-sC7E8nt9E8CxpZl5YcNqwedPCqALZMedErgffLcHnbShZaQXHwrfX76R3lunXdiDx68Qja4suh_IJ5WNJlWxM_g2vZvJBmHh3JqniEUFRNU-KsCyfQOGfmwuB38aVnGypebjD3L6RiJjg==
gAAAAABqr7nXUQqWbbkW4Le8tmlVEYE3dgcuaYJJY3OwVDQgaVgB5p0eeQZdK2IV0dANiT-ICJP_Y76iDyIZLxdqGviyvtmQVsOgxaKTb69m9EXx-12EDAsBDZVb6zGYnR9IR_aZUyRryQHelAuurZZo2YmolJYFUQ==
gAAAAABqr7nYsB7TEJu82LrJ7R9ufbEtF3wviTRKSNtoAqQW6D2GrofuSvVbnV_UURGPgFJ3W_FukZxUmHKEPl-qswP83NTK-mDFuYyMZ5HuwvDDPmMqXzfyePmnC9v8zo4ZQS8ej-9D_KQMYmsIjTqJg0oONsmpFg==
gAAAAABqr7nZkU3rbADQ8-QKREVvnK3EzMp4F-WuaKFrpWvnOzsX3JpTA5BCfDCguKfupZVXVCRb3TsnN2uBnOqWSGDzZlor-889tRNW5BigHBnfLHg5PS6kdQAqHSxlgnNG0u3o3hfbOExcl-B17_tD84TLX_MITQ==
gAAAAABqr7navts6II6vH2M-WRUWhvi9NIGx_cDh2J9ZVx62kFjj1lGLqppessxYhpOBszTMpQ88nqqrMW87tfsjXLouNXjekgDcsc-wxMomNOR7WLQepWi7uFGQs6yUYOSS07ZxVPOY0imW-Fq629AOb4XTKosBhA==
gAAAAABqr7nbQsaTe_VVqP6m4pWvqlei0LHQEXNFg0MDmPb261XCxG8r7o2JrfHDdfigwiu94A136a9lxrgeGUpqsKcuZ-PX8lemNFUxEo5PfY6fORLEdopFDqHfnXGZ6BM9c2OoX8gvvk991yxuHV8FXb4uDVcvCg==
gAAAAABqr7ncR5zyvF4wYDo1NgJ_P7i6BqlL2WgBHFZVLmzO-EnMs5IwLPRVH99AZ4Fno_yqlKB9LQtoKICxI8-_xPNIbu8glsfVerCLrc-MOfz7kmrqfs9qvjZWROeZRrCeIYEZbmr732dBCvjAwoihRvW4OSO-xw==
gAAAAABqr7ndhCjuQmyKDOy3Npo_xSIXCqlTzP_JClkFDEWc2Yidzuhuvf2s9BUGCZKO5_NNFwiDN8TLWnJFuUO7CH-zzUUID-K7OhkyhhXn6Bw0N1BmwSYlYE9LsOelzlrrBsYIfB0NWNhD0fDiiaQAcwyfMD85Ow==
gAAAAABqr7nePGVuAd9cPc9QFQvQ_eVQ5dSzjmKHbNymdsUBdkdB-Ji1uEOzuqg1IoSTWngbjx4auDiZyIpU58181vIXVJkqDm0xITwj6R2K9nK09yG1CVnFBzcfNzqi9RVQi7xhJM6pm-SMsx-AQJV3dt6h2hxZHA==
gAAAAABqr7nf5FtDBI-3ZE2qD5myCgY3_GiZUlK7l2JyZJAlV7pCETdJ9UTpmPywTjVDwUSGQej_n-dnKh8UWBD-PLH0vGo9-ODdWZon2pT0goMnSNV13n7uel211wvleIuYExI1kGuUey2piipcw5dO5RraC1F1Kg==
gAAAAABqr7ng73rtUWpggccvDro4iE8KepAQ4N1V1FcFgt2O4LDMi2Y8J1vBNpTePbTt6YTVORWm4Mux3T0m_UF4ruDxqv7OBWnXG6b-s7wx2XMnTwWs7NCGiEkCS0sSOXQMMBGBldfNABONAZoHMg0vZB16lk6L1g==
gAAAAABqr7nh51IpaxGaMQi1JbT2iZkJCYXCFm1tmH6mfbnFqZ9RF84kQijPl5jcdzGjWjO9VxrCRiQjPRVoHkiih8vjPlPyWajezdQW4q-8qIWs-_k2yFSctkjQi1j6T1KoKpfM6Cdp-1j3HKrAf9AnvOZ-4iI7kg==
gAAAAABqr7ni5E0VEGi6PNl_jKZ_hM3DqFVb-DCGRvVo9UuE5ud_S-YPMJos-eKc-Do40ZG7RsOgvDmpAVnJMopCJHfn3HL5ln5xcl1uZ26on0GfayOb8ZoEIXyU-hH_7IwW-q41h05mjA37lLF0hn6l80_QeEc3hQ==
gAAAAABqr7nj5T7KNp8T27oVnTOcpb6tK3p2_gptNxQfB4MH_AEQCQznzpch3mebEkJ8ZwbOedzIPSbj3rtohWo1otZFikFAJhpXEcmkoEdAjWibvszyWyfszEK8DcfqdPW9mk3zWvhBsr0C2DEZmV12KrUjRUnD2g==
gAAAAABqr7nkHLrXUQ4RG0Qs_N2eGkTWTUNbLb_u6VDLSHUxkth12zjHwQXZbE2i76ALnBvOqs7Gjv_Ays2m-yWkCLbX7UlDrjJLCfhi-lt80sVAii4Depu4Ak-qu9LrD0FOlVjV7FIQOzeTh2YFxm_C4Wye2Jj8NA==
gAAAAABqr7nlyYWmXWk-ltz41NCepEJv1EBiYzm_6kQMUsfiJ7gjt4YpIqHmdse9pTRY8MGp676oxuhoGFrmr5u9ur7-PQAo2FZgYhnD4Yx3MvJcNQvhPjlgo5t-84ORC0nooA90u0ncViJ07uH7unYArikGY4brpQ==
gAAAAABqr7nme1sgLJ85oChx5vH3HTtJtSWNhQoEsfOKvy70oTf1_GurbymfLkUGVFr8bzEP1WV96K5BKN7DRlsGJ45ekOukUNNY3c1a_yCS6s8U0NcmLqbUyY9xiYVjtc0pAc4-bJAau5Oc4_w5KfqMtEMdYa8z5w==
gAAAAABqr7nnjUB4bPymsu4W4FwHu66mbaFPEO8azyXWzcJNNap28Ji-nre9im_mHzas3TdQVEtbbIZ9hN6c9EiHT2UC73JvDQ1cDQR1MEM--n5fmbrbt6kPTmgNgL8hq_XAOGl_xZRKY5atq90ySWy1dmZEA9xcXw==
gAAAAABqr7nobc8UgzmK90IF3b1OLLQXdN1F_Il4hDybSY8NPb3zRtnYD5mdBrkylFXInokxFC-aB98SyZqu0bB-3wwwdBK64QSJDVI7RUwB--f8XeahdVGV3FNqxPWTeg4-TMhUR7mtTU4Gzw0ZCORkMcTfQ0mfMg==
gAAAAABqr7np0tpWc_r2PvcS0SUNNgiWKZWyYr_FOuatWYBcCQ5FA12KJpsIG1Hwa-40aa1buHm8a9Ih4uATavR_8sqKLvqpaUNlJ8GZvBTn5W3acyEEbRvDmSm1nR3LECNB1DsRhmiNxWZeXLpSI43hqpUww6zWcA==
gAAAAABqr7nqirE6DbBVX2WA0Q8kVAueFD0rKjk5TwLD2NlK39JsZZVU8tXzLW5cVPvL6lLinzTd3QD9eflrcDVgIVZdbLeWHrNTFqdm7lVjCJsFkTQNPHDIg5ceXL4g0WrZGRGO7gUx6WINLlnqDb6Y9T-NWgxA7g==
gAAAAABqr7nr-AdcsQAwj6csDtqM9HfdoyBLKYbi-EmhTZ6eDUgxE-VbX583qquaFIBkYa_g9HdhPC_z0NhJ0Wqxe8jNfrF-TQ-3SI-aqaDDTwASmfm6Trg3bvoBLCizphbGnRVmiEFJAF1RxHpLvMrY422A3uKD3Q==
gAAAAABqr7nsH5C95GTrSNZ2DDLMx9DjgphyJgm5sO4VQhDEoYnJj1aYJZ6VGzBHpPjdwHe7GnJGBwMLlzHgM1KxNUDFC9eCiwR-FlMSuizhcfnO02bOqfX-sMdQp7FeVTUT_lzD0DXxeQMaE8zvjn9_jjTNcEFYxQ==
gAAAAABqr7ntcQAj9cdMzvhtDmhZXVsy-pDaIJa4Ofyl7QiSU6HtOANj9_IYc4jZfyU5uM2gd5BVfIJLHm6lllBODV5AzAhrLyVNCJZ36MKJfVbXyWu5RHax-HRwcBcV00yDAUP9R3HGU2ig0IvcsXjKwZNua08swg==
gAAAAABqr7nu-8fsAV3ig6PVtLb23uKonRovJ4OGt6qbn6VZzfA6poaIurNdFKeUFSSVN4cqv1sjKzkISWn7UIFKZyPBCcL9y0fvRUnURaxar0StKNCV2HWji82ebnExqdZO5vVi1g2wCH7AMie1IwDBD3VFVKHDnA==
gAAAAABqr7nv8BEjIuoXfcJT2hh5HW471-KdRDV0aB7uThowOyzLZesf3T20U0EOrMxuZQ_uUxqEMRpHi60MRfiq8EY4eiphWBAckB2155S9TCCnQ_2g4E9ksMFyqMRbFh2KIVL81xhc2jGWgDb56Ch3pMWY1RzVoA==
gAAAAABqr7nwQ-8jxTJf1QowgcEKCY_X1fNakML1P0amih9y7sXk2urZUPfNo1hxSIWWb1B3o2Sp-JWLQW9arMkGqoVKQoSILymmgoT02cCoUM2xBCIWBzsasfrO7_U-LutS0eSRGLbQXsG7HPE7uBRJG00gLCEr5A==
gAAAAABqr7pz7-fZgPei9WnIOz-pwNpW9I6w9Sb0xVmQjdP55YqWzO8t9vSknEoMkqalwRH9-BQW51qc-QdtKs0ntJYX9NpnZnWtDKeFLI12W7NMsUxsRU41q3au4PK_rHlflhzDBmaXjvlq3w2tvdx9zKfmsb8XSg==
gAAAAABqr7p0VUhCyrF6eTBEtikHkNpi7eZCU7MOhEFbnvrEfd_lkQAirwfLENZtp34OP-RAXGexF_QJz8D-EG_patsnS6x8NPHFlBFbGj10bFVcjsfISfGAX8G4Sjdh7uDfo5hhM5oJjl-LzFCkuKZNly6hr6yueg==
gAAAAABqr7p1maozGKLor5PDAHHnW5XnXPlWG-tPsH_vdx-HG8JC2uTnugDISaUH-zOm3opLVITT637PFkNd53CNrjfhI2CACNWzOgmdAF5w3lIIn1Qd-WwHOChNyhcbJrAGqknBQIKGWPDBDTX8ceZGueAqXbUSEw==
gAAAAABqr7p2mhoem12z_C5pZyS9CfbwWGHE5Abixte3RBn9wE5N17bwxkSNaLSv0m6UqI1Goqp40VeoKhsue3OQFWjGEvcbFOdO4I6ptCmGcUY3Mmd5Ft2A7Hy0o6TS85iWP-JvG2JAIcR6ENiTJGbR8LlMXuBxQw==
gAAAAABqr7p3nxcqreW0XnbHlkN8iIoMZMweqPPyW3tYlzNMMcxFeIQ4sXTG8OP1fFbQlou6DkRYFVrXEyMps8BFMU71YbPl0nf1kasj5PInn_5TINkJLEblU2MIe9w4XCMwCNJuvgF1UoO6UbnVcAfbPJuyCRFmrg==
gAAAAABqr7p41R37sotun-hzgDHMuXv5Y41qKDz7kVu88qjl13-aMh-vcqEcV54QggwCCNC5xFRqfx38mRNJAfo_rP_57gSQbhMc2sd2afHKXrT4wKYCBDavZEDUyOCyk7Vj0_xzolknFmfuusY_0_zUkqOhDW_LYA==
gAAAAABqr7p5d3B04NEMMrylvlM0ckn_4AFxmM6HeoF3fNtE9sFj7iwrexg0PU8PJwPtfUE_mFTpXofny2L5FU-L5eSb0xPUD1OiFkJlgz8xsIhIGfMUVKiN74bqOG-2_IgVQjcEiVmxPz5-IApgLepsx-Enk63jaQ==
gAAAAABqr7p6phixQh8s6FGSLLqfAvBZ4dUW7Tg2ARfsFBy_2drDmbb_-pNLeqKxmrAZsVd6Jgo9_5u9kJG0YPjN-MlPWCFEd5B2UTREN_GKmmpAtSetYiu4gnSc3jecY3F0MfrITZ5lOrlnYIVXIGvBhWLeMoczaw==
gAAAAABqr7p7EDiY3Wsurtdprnm4CcMKs1sz6UBjAcPdop_dGgZROvlu3qfPmBNbK5nHiz2pAZorPXsjxns5MOa10LPGB76pY5kuWfsQ2HldhryAOSY3ZknkWn5LvaCMd33VyMHDbINHkJexzm8tFgwHuTT5zz64pQ==
gAAAAABqr7p8VpZgrq3SZlTnXN_eyJE18dwTW_H9aYPepP_VVhmU_LbpD_ksx9otzZ3ZQsdYNE4MZCRVmtwBS0Ep4nmnJzu1pAeTnklZH6S4kQQRxPy2OhnxjLKff3Cg_uMHTJ7uNDUjPgMCuknwFCmh9vF7ferXKQ==
gAAAAABqr7p9HnoO6v-m9KWz6n5CUTDlivg6dpf82zP-Td-Uxx3M2W_CFbrHnp86RH0JVBDTWS9hbrooYcD5B5Ho1nloFIoLjBv8ee3aoJ6KRoRkIqE610d98ZCke7KeLIFd8pqhzwS0__V5_w4IO0k9R_nFVzeSWA==
gAAAAABqr7p-1PtQqL2eG9-cVnHfVvz9Px9woa2ZOOcdOGMVtRY5YRmq-IrMR1A7CnIjheZk34_KaiAROPQB9oAbfIXLOdwNEA-mB-c3Yt67OmzQt6uceBbF-XD_sx3heV7wZM_oYZ41vq2ZJvbyGol1qb5YBoD1fg==
gAAAAABqr7p_yOcbnC0rbGw_446KU8jeyu8w7ZNg-BY44u5GuZKiRQSJUWirpNf72tREvfcvhvMyyzxSz0fHSArVblRfc8lB5Ncb1hLSUSqbZzFpxIhAyAfZOSNcd7Xm_CjYuo1gYaR_LOOPlTsK0dmU0jcMhrwG4w==
gAAAAABqr7qAeW157gPVk49h1OMZ9Mj4z2ouum2BuY3rDLoH0_VUcQaV8fEGm74tPpnBGLh4JRCaIFg0tG9sZxX8tGdjyUW-1_zhNgNy_tcYE4ipuAtYzRMGilVI5hUjOborj8AwSs-mttzx9okf4nukV0bwtrWQ_w==
gAAAAABqr7qB92BMBN4QKcq-yhSdP5gzGfnB-P5II7utdFDYcIfaerM-wg18bPTr85aCRZAurmOpF2OgWsYZozL3k9wB4L4db938tP9C49rxgyjCjVWL01C4oy__C8xI9laNdAPgDvi-0iWgwUaCCXLWBtMxDgiJ2w==
gAAAAABqr7qC17hwEA1lngQOJo3KKXBLVNMBcBoQ9g9nes4jY7P8ENmVvOBGU4_xBXgH2TBOKPvtusmfmMeSBVDy6mDAdBwQ41rx3SzPjmgfahRojvJ6ExlDTS0lYo4yqzMyHLXwzqM3ktmDBvp6CxCmJo6jg7Bg_A==
gAAAAABqr7qDCWWqEKIpgmDt0u59RNzTU9ZXvJ7elqW4s2NHkdKUry0SH-kNSYiYVLBQKG5nZDJTPf3y02oM0IqmoZnmb0Fu4Nbls1zaEDhwIozwdvdgsAVBztH-6GlhNIC9bEIDat-_1V1bVQK0uWYkfcdvZeZuPw==
gAAAAABqr7qEgEj1ddOJ3wbIjs8PT02cE87yxi_HyaT_3cFp_CZdcGLlzUNLTbFcG8bhvVzueoaBUTgWupJiVf6TZlbVr0vJAtviyahOOK6It5rhkW6xRoRlDBgvYxRuqmiOY-bF52ggQEegCYECZY6u5Ymsa271gg==
gAAAAABqr7qFOcArDvpMlmntut5FHI-oPaUCeZzVeCA7CtvtoCsJ6mg7R-S36sEwdxJy_JRsLQ8tyJTBgrFqsXKj4h1bxvOpKbkoYKtaiRygL6LuVNJPIUz7ga03ruJYD0SDPfXs6cJsGpJj0cVGqA9DVzu3p1CmrQ==
gAAAAABqr7qGeqOB75KsJhQEOiQauhqWrnWsnii56D0GfOVECcsXrXODdShYdtZT8dpCdxZE4mNg0R1g7G2Uakbh_4hj6BcvuBUFkmPob0uebByAZxis4WAq24AuY550P6hKrE3swhBq6uC0kXn3EMJdk7j6zviJpw==
gAAAAABqr7qHIVq2pj67qTlGfOdTaouOnqzmHywsEdypMK-rsZ0DWblMOMQYcpV4wXh1DLSloIHsXsFwMj58dUwOk027Qh-ovMTMTYG5_6p1ggdH8Io1Z0AEBYHHiGoWY_Bh51nAoNGwEqUi2JqWZ5_DO6rCzJzFPg==
gAAAAABqr7qIMCKWaTIlIW9cWzGAwhgZlX89Jg9qCrVemDcm-SxjGYfSG-WsnKXVtf5L8j5pyfakUjdMIwS6mqHPMb8Wzc4siitzJ88Ok16na5kUDl2NgxgBggjDBzs73fz3h0EH4vWeZCxKjeyw1Tpl9912H-Fy-Q==
gAAAAABqr7qJOovxq8W68lGUnqENfDr4bo72DXDK3MAEnsHKiwtPP2p6H7RUA-gvyDr8v-sIQ4cMPcZyq7AEBRygz-QpHScNttTYf1o9v79EDijeHJTOqwohjky00Xld-lAwXv7HvFkzelvUzMKxd6skDDk8MPs9Nw==
gAAAAABqr7qKnrsxx3igUMHwsyui-6t15svWqVVm6JAtJnt706tqybQ-3aYvdma4WtweC3xzGc7wCpYphon87GkP6Y5OHcEmZsqSxTxGPonAOsyXJzeY8dlMaVH7m7T-6qFDMuUOxEgrQDPL7WhIah0iN0xabPP87A==
gAAAAABqr7qLPaK0AwWZdbucRGn8BvNkXSOp43-QDgtnA7euALBZYWk_AXPzb9k7kULA4kNual20QLH3yr3ZPfSBiUkoYQc37WbAk1EV64bAzHDJjNeBxB0OJDuRBlcTNWoE_rd99IsOmZ50QlYj11BM0OCZoY2bEw==
gAAAAABqr7qMptqB-VJr0yIx4O9WKAkd7hlLENBYyJdNGJITkHpsxMxd6LDADY2LjEY5C_FLiDoynqd1UCH56yZCIttOE4XOsHyZ3G1YG5nzsGyEvIosM1sTaD1C4Hievl1LgmBNuKwZ7rvciQRjQvN-yfnMfC62Jw==
gAAAAABqr7qNTF1KFPL9zqPczTjO52D6wktSrE9jorOwe9x9mDYkaLvVey3nHJfZhbe5VtRUwUDUMpb8K1p4Q1kiTVDDBaxjVkUj7HtFTjnMsGb0rcC4zyyCPdpTCEMc11CNYDT6s1BCetfHY22MkaIToJtrTHrv_Q==
gAAAAABqr7qOAp2OvxonH3XZUCHTdmsZ9D3cEVxVdktHpWWOxceK2ZuejmVZAElzw9vZnDTvzoIgIZeRIcH_XHEHP66JFc-e1zkZlo3SFyQGb2IiozRLskX5Wz1z5JKsn-cqSFi78aGXPPOK7ys7Apqs4QZ93BpAKg==
gAAAAABqr7qPHCtIclyy0ML6abiYxqjPXboTbkGyX0oYuqBCDbZhT2KCWPVPKLtqFO-_hK5NhtZZjjy6Jqee10yeTuZ5NATdVXtY6v1VkGTr251ssy7pCP-b7ReJv3qOfhH-OAcLZJErLLghOq4M-PgRouk9RQI5pQ==
gAAAAABqr7qQdgwOQv7LLIdK1oDnJCXxoZpwaKAnirG-4HDSidNt9hygoFZnrlPNcSPNJL393_zllGP73KKtECKpfq_BJNH9c5G6U8QbcYitaeaXB6sxjC2CSXGBwGTHG1uSQlLniTRB0W9A6KyP-zY_ZvOq-RC_og==
gAAAAABqr7qRyeDKosDNp26v3y6BiXA3kGxdU07x82R9H2QoJRqlDKJeniu6m-qeuIn81bhw9X0wSI7hofCD7pt_2gG8y2-OXbYjOosCoOhnpJHtUrpHPnz5wtu7MLFck8F3V7FqNOn3vwKxMJc9t4XPu-axjAtkdg==
gAAAAABqr7qSADzMqrS094y-C-fAwPvWWGfVn7Osp6M8gA6FStKFm5Njh0JS4DWXzHi57rsuusv8WHeOyTxOrZZ0RDpAuT70G6SHzcehgbQuhRn0aZnsmB55rvsTPFiwUtflmyFZI_uhvmLG6npIKmC4A7ynCDm7DA==
gAAAAABqr7qT1sUKmQIQGryxbQaP0h71dXA2c1l7j88kRl-5MYYf2jIIPiRbetuGTxUFr4Jdohg0BIsiSZoYIQ15Y5WB8CPbUz7DmURVGmsuqKtalZ54KiHcfouVZx7MvqYxovBOBvkPf8uCWL3_M9BfNQCQIc9c7Q==
gAAAAABqr7qU0hqUmMFKDEYQygB6hyQIid3HKugu4BvuS7WbCVT4imo7wNRo8A99GjZjbcxQmfdmi_0Ceuwdy2N9PoNnO-ZHJs6gmaxvNsXbdlPrzAlDuElkFuPBdMUks5Kzh2MlCxL1
gAAAAABqr7qVRD2DM9iIHL_DxjtyuBJ5OTkso7Q39v6IczmK-mnJOk5U6beZdyVr3nn75y9sAQ_DKuoyrJQ_nlcsTdg8_hiLVKSL1vOcXVHzN5g-2v3WYx6_9EhLP7CB5CeZ-BQkTgio
gAAAAABqr7qW7aYw2j8WMZpey_BTqC9pd_NAW3u357Bdy-g3hhlzgG_aVZqVIePgki783FV82PRK7gnqDwmMb1uZVr0R5XB8kH2_xrPtbuq2cvxzK8Dxt8xW27aw0FSyAVzlAuF0y-lh
gAAAAABqr7qXzXJW0F3sAYke-mzpqY-zaarQAZ8vERdyx3meDJdDTyhlpYsts3mtEfd-MTl9N8uFb4p2xumtfl8Fc33Kfd3TDcoQipt1ku5yiuL3OCXsBa0TDqDl8Y-wrvwscCS5evE-
gAAAAABqr7qYubtSsRM8ZiMw7JnJa2pF829mSxcm2iU5MEt0_QDZvDc1th0yTJeN_16ksIKKwNPvOe5pNkkFcwCf_l0PgDvjhITdn7kOiEHEb3yatskJGnt91bKxt7vJXRpZT2A7xV8r
gAAAAABqr7qZaYD9ke41Tb8kpEbDjaE6iBTUbdaHOhLZFEfPe_F-cF1yI09g8oW37V7eb-RZt56XyPsijWTD1FTXbp3dkislV2Llb2bn1I8x3M-y6HS1scgaeBVrU10vg4gjrfxkw5Hu
gAAAAABqr7qaMO_DMezkV3IrQqBH1-CdtAjapDt_veRnmLp6CORVg9dtPZUYH3BYxGW48eAdPurygd82THuz5nZTjeIrPY8G5cSz8lamePCg0lQViH6_1MS4lbefWMU1knXQMJzfDzd_
gAAAAABqr7qbqqRgKivawt8A3z2VRTBZBNYTAnz59iAtTenIfKbowudBswol_J25_u8R0VxQ3v0JZqFqi4c9cLdApjw9KPf-1r4IuwqdmpGVWMP6foDGdW9g3HOeDMG5KczKQULSUaY4
gAAAAABqr7qc1yfqoLsMPs5wm8MjP-MJ5o68hf02XHs_NmPo07EKjJTUpQgg4Dpp81HihzGgilLjeHAju-3m3Zxa2ZafogUQYvIqoqPqqEEKTs8ESBwdarwe6SC0Ys-3sUUTTgAR6tYs
gAAAAABqr7qdgSx7fGMtlEPT_Y4S7FdBGPsdgHB_72vfzOWpMCR902W0jjGW955OLCzMa45HY9-tn0zphLqwcZTW0KK9aDnUmhY5pnHd510C8b-8Oix2c5ZMWpYORwicUX4YIJLdiV96fYMAkdGNcKLbZzsPfqQq0Q==
gAAAAABqr7qe_2jf9MKkKH_9GD4GCaHvLJIb7sbisNCmm7mHtM9i9Q6tGGNgTf03TWhm8L1otunWMzqs2HLJ8PcGfRnSJQkpJrHmbEpu5aud-c-6_h83nzUbwRlJHxwv0NkGfosBifAKy9Y1pc-kbWMr9Zq4vYNfSA==
gAAAAABqr7qfTcJMxj1O_9Z5ocGA1jBVmP_k99gIHSTHXkfoCrTkz59duIurrYo1svOw9WN51lS4Z1pFKwWiD9c0UDtRoanFoUemY3ZGhHAKVzXexDlGUpnklmvUueItVKvs57w1wd8upODbgPYM8sTuBwJ7ThwXrQ==
gAAAAABqr7qgpyc01CCcaN2fQKEui2328HnUvZFItrFG695GUeewTrT84aZN5-s-1yyEX-j_eVrhxvFFoMrijB5DSyNjo5Lsicz9dNa72yp0V8egDDlOH4AqHBrQiquJg4p4vwAhnx6QssdqR6d9c08GCm2C6HAskw==
gAAAAABqr7qheq1wYu2VjZzB2w1SAxrbSDa8Fxa0UHKaDech73rngs_t2XoMiDMk7lLB1lGQalynGKeO7XROP_5VDSviPpkVsN1W64rg50FfgGzuM0uk0hwLGukV6Pg4JH9zL3jDft-_TULy997KP9CfhKQmq-KiHQ==
gAAAAABqr7qi7UmsB_sGYZ798GjibwcPyTr1Mq6aPP1PMNGV4AMrcCuMI3-BMscXmKFA0NlOh5V07K1UEXcnwWclctWGDd4-2KBZneFWN5MFvu_33TD4Fk6H8nx5r-7itNz3pbrFQrn-ZRKkpsUIYM04r92vyMb3kQ==
gAAAAABqr7qjt_ub9yMU36TfFzETtmZ0QQZjw9HuiBtLFix2ImpjPIuZRo_jcfyEANMrnLwgn-fR-GTziSp7EJmDFRAyN1CJjmE1Fci17qciCNag-wIznIbwNXhptISf0VwcuhJVpyNAkc6UoQA400dQhRETTBUzYw==
gAAAAABqr7qk3sWBmwTnRPd9mMbuwnL6DjA2NdAecEjmJl3FVip86VCvjbWpuE0xU1424nHf4LUhrU-FESUifO_Rf-uC-Q07l81jl4q_wUceP5VsXprC2NtTWtUZMi1Sk2aP6n7PeB58lmSWnI06_nsDR5b29CAcEg==
gAAAAABqr8zcMvMx9IJC-zXwBZ2TcRMYjHifcld5ZQXeVQaE0LjH6I8ZigbRmaLFMmPaovK4LdVZguVqmDg57FaqC8eM6uI6SEcXl7R4RUJxenSJ5YNCqrio8e8BddUEBwb6Ja7Pwh_fBDIQN-H6KPud33n8Os4Bwg==
gAAAAABqr8zdEmJaTChyfgzMglfExzzCQdU5TrB9dDditTCpH4u-Qluhf-4ORKhzq8XkeY_7X1gEVEU5ybUuiiOarWJzCqu_wsoDXRg5cTjtg1O3cpqalzw98j28hz3B-aLFkVpSKNmv6dTneHxC2JnAjtQCogdwBA==
gAAAAABqr8zeKq3Q_cICJpf9h9_UReD32akaYJX7iNIgiwlYy77fMe05JezxwLVji16MOrLfcS5uNLebAslB4FvNAO2BqHd3gJpktS_RZBpmQ2JE9SNy4ttMg9meWz55xm3xbrgtEtDN
gAAAAABqr8zf5LCqCxwxltC-W0y7iFsv-K8_0ki8BiOjdj9_RNa3qbqod1wsM7faQVJ6oZpd4OZYyTFaQa2Bn-8hkDXGc5Os9qCadAfBDCQzI-S9gQ3Ii3NQnmYY_OkSCoHoaT4aiHl7KLWLVlSrfHyZgz26c6RZgg==
gAAAAABqr8zgTbjZ92AJhOO0R8f2n9gcypQfQU3IcmhU7lh6PB8d2L_4Kk1ynV07SPYqMaLYb8_dXh5YFrAA7ZTYDOx51NXktC4bJnfBJJ8UvjsOjvbkP7pHrN3RLcrcyX9tUBVbMuC-MYSYYM_QZIxVRm2kNlW2CA==
gAAAAABqr8zhWw1kb1MpUaSV35GRVqg04dJKCIMPmTfnDTC6N-gsXltGsmBhokfmZbawwExGPPX-EupN9uk4tn6QGtV-6ikM5t6RfDdUwOPhal_FQJ7h7zYfQu4C220x17WbCSygZlsY
gAAAAABqr8zi2gEnILl2DCXXX_lb00uKiJmBgRomc9WG8hVm67ImS5v8wjYKmNahiYF5sR4EEF4qHS2DyxdrN0-5j0Az1n6ARokfcqv7FDOF0GR3Moh_W5BsgGJYfa3LdpIl7GYKOXzT
gAAAAABqr8zjiCz2V10NRMJx-7wxMFLrSrqh45Dr-_LgCkiacAS4fbUY1TVLooGSyma-0YI_nL56daUdlUGpI2FzFdUQsZLpOofFfCaRuBDYmBfujEBeWSKodgn4y-pSyzpOa5M6P6Wl
gAAAAABqr8zk3G92VeJzQ4zpRygUNhVFzhs6mDY_LFNnaTtXKTETHJKosRF8OFsT7-NcovJ3V8joeBxUZB3-lRRyzHaChbXexHAjvK_w_pRZ6EDNbeROq7PABWHYLWHMIJyr6GP0SLaS
gAAAAABqr8zlV5fph8yx5ermmgWAtJPvx8jlMFO5sNhdO1GxZ5ROOPtZS24Mmf525vPnjsU0cWLQGa8qEuDVKi_EKm7zhzzkCuR3TDBcJ1JY0tY0vJnpw5zMxx4xET19qOCVBxm3lYIc8KoNicMTuRSvRcg_8pQHPQ==
gAAAAABqr8zm6aGr0U2_KNxWpbzb9eekG2jhRyrEolASWpgYTdKiXULQGfIrijH-WEn8noFjMhDRGMf9wNlUsClmNp8z47PzrZ-1gijumWhrUSA5FMvo2SjaAL0R94Jlpyk13jdncZ41unkfHfWu50dNjGosdhz5dw==
gAAAAABqr8znLah0TJX8RW361YGLXn02mJyaso7m4iERc26xaklIoCnqyrQ3BdMJmWgIXrDZnFbkprFypc1KLNwRCFsDr3clNLDGrcndwa9ODP3e4br7qkoCwG2_ATWyLoK9Dpjt96ynrIG8kbIhkcnBMx3m-ggWxA==
gAAAAABqr8zoxJTjBFfhsJHekIPzdLlsViuXSFMtyF_0NOmh51g5gMRbLN3Si3WeusCuKcEnQn-JMbXtAvPYh3LZczpIJuSJoCNVVMmNMMSNO3h4lZt5ZdFi2CgUqxdYBH9Xr7gIyVS-Py3l5KDDyIP37GY6R4ooeQ==
gAAAAABqr8zpaSZm2tDy0UOGuYQAJnMMPidBIgqVETLLhSGZ1u68ySlW7975A2nEGODcTk0wK77eG5Hy7DhASMk-HX_UoXPIIkmtZTSZqXqkMCPJ5BisNESrUcYBfcmGKP4WKci4QkWw
gAAAAABqr8zq_RwrrFSWwWu4U-xi_wslHSBLAeqO-lyIKKReZ1wsVJoQ5JZvbLy37uHkBgkJiaHrPyzTlUranT7_OYqIK3xi5e2WypV6vefYxE6fIs07uDeG5miozI3qUlJOJKHnCjjH
gAAAAABqr8zrdW59biIpi_gDfNZog_grin9FuArKfJNoq-s3BZGWZdexLV-VvlUInpluNr0DiG11-yMj0stV9zNF869AnSku_cllv-nHLaysKeWAaVbqdO5Hx_YOb4RBiUTxeRzVCqSI36_rLOIwzBTF2SN2oZrkqQ==
gAAAAABqr8zsU9rXzLtFwt49iGvB-I30wFTtCKrQerYUogFQCO1Z2clHt4wLZNczg3ebFFmDMaWJhNdyz1sIKVLdPOdz5kwVjSCGxC_dDL3iyoEC_2NdpRVcW9rFrOl9f2l5rF-2HEm3pTMoFfHElh9UpHELBeYrGQ==
gAAAAABqr8ztdi2q2U3yogjsYF28P0hzn7rFVvJ1wBhVaeZV1oN-t_K_YLsLzMozNPxHnOnfAbJTyO2U1RRi-uki9ld0Cx1B49MWGbncc3wyLMacduaeIJJs0XXE66kKGkIUhshp6Oy-d4lpOI9qC4CfuhTmQT-Xkg==
gAAAAABqr8zuAHG2n9ZEllsimRwkAzQKspRn3hGS-fmwd57yXOuEaoOx-SJaaKJYjYF7mnxZ4MhdpG5Sa139D2fwaFG825oBxO4eKMeoh9WAGWkoX_5hy-i6rwK-BKnKUrg7kDRwXt47oaUKJhswhWbjXTlfhfkTcw==
gAAAAABqr8zv2OKUxwBZAnyNXZGOXBOiqFoCMXDTw6h7YJXqPc8nUcxGGzrLTL0BmihUcLGixQWvzGr3M_uVPpNYJQHB-HM9ycW61euuASecV7poP2zoCgnZ7zYwGdxgVMYRDnxZDJWDy9bpp_NtBKwHPX-xSccwdA==
gAAAAABqr8zw_5_bZlGA-NoRopC1xna4h0VWF84192CDEdPPeas3NAryfjH_VGO1CBxDOR06srSczEr7CHMYanBtqMeX9GvDM_DHQQspGHXhvXgRyWGhpJXSIIZ8nW5tcizJAK1OrdMq4DtfARY4HqfmEaVJyB_XHw==
gAAAAABqr8zxQxMDcpbhcmnTyeNxZkStCjp8LVR8Cr5hEUn2Pq9m3F7SSgksgoKQxvUd2aeoeh48Rs_1ZRcwAE7mg02a5WoDvjDqVSLJRkGdUUM6uKpwrjb_iNNfxps-AHERXXH6tMObGH080TURPVwYZfZ0lHxQaQ==
gAAAAABqr8zyII76JEVJgB2Urwe_UiVVz8SNYSrSmDXVhz8PABqAVqCzbQKL9htlnHz52IvoJB2jNtH6q2FmZKjmiB_1bmP1B98t66phtBvvOKA-t8MRdww166LKmYSKGBP2GeOix-8ZZXzmFAt1u7WCR8Yfm85b0g==
gAAAAABqr8zzla8TlPQHvN_lRQOyn0G7ecJhNGVtspaoNCxFlm4IvTiSMvKX2w_JQpQpRybJLzVRtFmMCyob_FacIIsS2wWzFQURf0I9Xtf9cD-oTApZS7lUYpyWrhcPt5t0tmfcyaEBMPbxeZczsnSBjQNNv5paEg==
gAAAAABqr8z0vkHcPRefyhnMiI7nw2akczuXkDsUMQtPCUV1TyDczzlK7VDGzWTDSGKbd10yJ19czupw_7KHk9Yca57g3TX3QyoRzHL9r5y7JxUy96bkMUB971_Xue7o-QfcEWuQOyiX
gAAAAABqr8z1t_JxsmQtgBK82GOXOEiA2bDkR7pqyGpo1GCO6dLnoWUVnb0Sj9EiQskB4d3bFTbQD_Wj9_w0iIqrLT1Kcdgts-0OGSJLTEV_-yKkPLIp-5iTNgCc6J5uDNzFmYDQwel7
gAAAAABqr8z2RKCy9aRtKr0OpLu7rYAkB2JTVsrna6Ib6EwA6ol03j0areZWjXxlRVJNA-o51GBoogzO9nw0S5k67ZdQ0CaHeuWTcOGLCMvGauA3Q2c6RnH2iDtMbYt3h4vHgsGGIglP
gAAAAABqr8z3WNRCucKrTLGoMnTgDUW-oXh1zmxMHTMBf47GrfSxCzuPwQu80ESGH8o8QEs-z9qPszyH7dAxGoPE5RQwKjaBkLO9aDa2F139JmH446MZ25t1QlxzoYsor2XBD9OxC619
gAAAAABqr8z4hMyXcE7KeWolN7rKhGF1rpeQfSWtX6ylA75apazclNCyWCRl-f77trbawYiAEpQAHvJw6pZUMyBmcjGVzgdKAqyfi7wSd-nWV_zJ_o_ZtFr9fJ7Tl6PC74pCatWORz1F
gAAAAABqr83B_hAbPnM9wph7Mzkv5brS_oDaEFGcL8oOsRwyIhqLjEIouE0byJ3hAG4x12nB5IE7CjZMk12d2j7rkylyba1Th2_EkqXlkbzbHlXClOoGAPXIuQNNvWMnCo0fKIdzeMszmh7B0U5OIy9uNR_uFat0kA==
gAAAAABqr83CAZdyeWJcwecIAzsHoiwrqgNx7ssaA9dy5W_RwIjupzo_PChbWi5HDbBPB2koHX3hy27Wirlxom_GpwDExBTcoxnj1h5E4JrEMixhfTVSvV54_GrwVwy39EwIY5T5BHfEOZqOT5qAQtgr5PE17OgNMA==
gAAAAABqr83D9ASCWstENjYYqK12bgS-r7aHTlATwUaXq6EOfrb5U4dtIIXWotHwO8y-_DxcR5hS97NA3kvwn6iXdGE_Ya-vHzIChwUIfr2dLyhf9qV_ynC2wZGMUhLDj_lUui786D6TItB-WG3O1cARxSKB0FSRpw==
gAAAAABqr83E4hD17bkeJrNeyZpLQLjYKfRgiamoPQNbhT8Fa_a2ovBvsMJGx4jmcAN9MK4S7eSNPp7jDQIatU70Sxo5WVsOoerK1DaD8L23ip_EcduqRazo3yqRIg7Eyh2gn7ONsQCn
gAAAAABqr83FzoZpi_EDJi7YhhrgUlnvldiOqw4LnNDAbleucca5cKvO5YEul-l1Lxt-trJHBXd09jpQ0xiQ2PaExCTx22SEjnPGPpRL6v7g_QJe3ECY6IVboYR8UWIprOoZ0nvUUtX0fsv50EsJqslAE0pPN9kSOA==
gAAAAABqr83G9Q0Khpo-Jsow2Gnq2mvU9aNnRlDiXyjMrmElxl4NM0oAMBTzSpHPpJNrdGQPneWB_jh-n60PAwcfT2k4aooRr4AiZNVR1HZSWyx9vXrAIIHnxX_IC18UQCRDQnEsaDUM1mtculMwJVs8_ryNFKaJmg==
gAAAAABqr83HHlcW1wbBinLEy1c6Ru0FSrfxyfH9190fFAEKSMZSPIAL3j_phvDKbPVZHPSVz-gCg9A5EpkHFznJ5UFaI7NJpIdo58i8jpaPbQzQCvSJYfHwd6u9Cpe0EYitzAK0bAD_iiTD3dbo5axrPtKZRgSBdQ==
gAAAAABqr83Iiu3xJdTLR0sI1XgxYgEf0XKhpFtPs_oXmPjZVz5sp0deTYbI-Xo53JCLuGGH8y9RszUA36pTRsoiGjGDUJJUAhIvOzUsgAa9ITGH8AQ_y3Fidx_smHZeV9BCe4Y7DgdZ06gwNVoEUZUS93qIQPNrZQ==
gAAAAABqr83JXqhch9DWYZRCRqzey_X12It7bGibbmBfi3-D_6eyz8J-RW5m-_PzjovnE619WLKE-DBS1_C6S_HXX_x-TMg-Upj6eDHofSu4uKZDGAVvKoGvUoujdiodWy43nSyOPxrawTa0R4fVLTabCsUE8UbRtA==
gAAAAABqr83Kimt_N9WIHWzzEzgZZ5gFJFY7F5pthjwXy_OpQjhPyi_G2dL9F7vl2XShRnaX_nqCNGK44FYa3FYT9Rsn7V_WUXPOx2zbZmuJ04rGPjKKqv3midaV9_dbzIyQh8PrwkWhZWuH6aHNQS_CCqoM0uVr8A==
gAAAAABqr83Lm13Q2WupnrL2zZ4PMWtqcQtdfguVz0Mfe1trNCfbMh70Jtftp9Yg2OrpycWCesEffdQTaMrEoACum4k7P16vOmDfocopHCU9NLdgeplp7_CUioiK-ka5S0hPk-EWvgUIvRPpiUelxKZ5Er9PloiM0Q==
gAAAAABqr83MmVl0ye4XmiVzFj3HGFoWwZYpzLkvNsY66JToFB1EUE6IX0bdzkYTtJzo4bDlWOyTf23zy0b_eodlVo-ZYc53eqcw4V82qjCJ854Er0JjxoVNL8ccFvj8CAp3ZiM4cwccd655cE9AbIxZUJpjR8Cyng==
gAAAAABqr83NA0LTNQs8pXIXy6VpHe4mf3sGNZlDG5DlIl-emAkq268x0nnMle8GkSmMgmz0sppYe48Xg3Jw3hErJhURe6qcIkcfp1Q4_7ZBVh3v3oErESHDCLwfoAOZ3obpZR5yIrE4M_hzY1SlF8NPErhDXyPSlA==
gAAAAABqr83O61WHL_PY1uHBeASoRE5KtfcMdmhjXI8QuE8x6cuUhgKm5CHAEpfu-fRqotKVzzj3Vj94VAUzhznzkUSp322CfE6cnQG7CfyTWzzfCM0FIAicd1SU87_uWi_H7cWZY_Lo9h-PqTVDkkfCvqU0YWBUHw==
gAAAAABqr83PPPueIbTBDGmSV4Qre-LVWvMz2Sji7B2dQG6tWfEA3d2FYT8IMn0WQD4qlSR8iBaY40PGBcvW9vL_sGcZZ0DkAFrsBvyVog3cqERBPMpkqthg37J8_bBcwYZpDBtVAwe59KulsjOJY_pltwRFSIFoBg==
gAAAAABqr83QaHcR-7UBc3HIFj1pbbnFwTZKuC7l-4m4cECkiS8f2AQCeXJgTGLIhQdejPYmqh_ekSwJUJXxQ8aKUZTGnNT3kSebfcmvWbEfwqiQvcE0VALwbbg-NBM4z2A5t5UlTbjCupEVH_7eDHcWf4h9hkESPg==
gAAAAABqr83RKCgER5_5GUrvoI3JAfwbWL4yjXODtP5rNIGzmHhhkmHNADg7dR-nzMwcvVQKUWI8Pw_lhvO5qCzyQHWT_3qgYm9wkIgWl39X66oo116Mi7b82cG6IaS9MED4us3ZvMX8kzN7D1ZtMBhNJPQxS88ZCw==
gAAAAABqr83SePcHBom7ANGGU3RPJHGxQ8kihwcuvGiHBbwnEDRWtSZun83mY1WUrckEM2mZgXR-a_zp-Rn_jA0Ov5bPWtgD7ifjrjEDrijrAfA-wB1s21bhFvdx9Y_c1qFqbbTKJ7_H9anNuiLEyDTQ77drREGa7Q==
gAAAAABqr83TEArzEvg7oHDK2fKZfHBhwG5lYESwnVMd5KkG6u7TYgxkbcyaerp0QYWq9FBeI0wpwZ97hOzl-Pr-c9pv6S7tXB70sbjTIK2fXaE-iDmrh90YaevbEfvmmSmwOClFXXr-2ltgqwDKYQGxyC8NV3wNLQ==
gAAAAABqr83UeDD-ubA34kOTt_A9P5-oh-32VLfqgxIhHX1BnLnb3t_v3AJrJ1DElQW9Nv2JHeTy9aDrWDUhzsZ5uUvMUHBR0GQgx6wg_TlbKIwdVTSBMxtD12CDFSltFuoDB187vYE1vb9vLQD1ssbgDMYBHLarXg==
gAAAAABqr83VGvji0X5XXonk9Fh5cnmhTDs6LTFh9aV7CndJfygpV2L44PS5JB50vs77D0T0bBi20Kb9EoukNdexUPBxIO0c_Iq3AXE-xrlmhhDXb1RUoMkZc5KFw2cPGp5fyww_XcdppN0DLMInUX2TWQQD4Rul_g==
gAAAAABqr83WXKH81mnxT4gvX6RiNEQmQ4puTL8MSz7DpuTZp8IkI2bLDKqAV_9ESsSC20ZZGxznqhY1feqOsFL2eJKbF1gqkrysK0Q3e6HsVo2GHr-EvqWxPB1zI_gsG5euzhtUHGQp4Zly7tzjH2bEzQfgOODk-w==
gAAAAABqr83XkdOJ1vejgl-ovHZC5gIzMGW9ZmV8IpWgPgghrCW4rlT2pBzx1TPhPI5z85QddorZZ6m6L00AIQAU_4bMJsbFDXzIPnkYLxCKlECnYoFw2iYOQTsWMYbWZp2rEvh_MBXi9vpJ2SlE4bLvnPUsHY25Qg==
gAAAAABqr83Y_HUGJqIQljkSm1yrSgr9u32FncOY1v3OB3zquL3R_c-ysKN_d3h7CaUP9cjawfhtgGQjCLvvYLiLQCL2lBA-tG4wg_pR42YfGlHvuGYVTle9gaVYsJckYcLpIQbhaytq3jujtKV1xdJzozBD0Cdbmg==
gAAAAABqr83ZE9zJvFPKEpNMQ7If6_yI8kKuZZ-AupyH74zJlFgxTRoyXkOqRVfyhP2SczUKwTBcWGcGpzqG4KGu7ah2mJOTeJVJsxh4v9tu5kb4kH3hoG8i9naMiS8Tc5j4xid3wufb9hvG1nDc9dRxEvaIYNxkyQ==
gAAAAABqr83auj8VbXedxBefofRWzZ3wxTNyMqKQAt3gYvhLEnkp8C7BU2jOAvehS6ju9M8NQIiUz3qUp_bgxUQPDQpGvKZUo_8XMUgaHLhWO1C8a5v3skn696-OTxe6TSO44-ZerrFGYpxJWOe94MSlHIK_miziew==
gAAAAABqr83bK-xL3qiJNRen5QGHRsNoB-DY8gr8If8OvsNhokMRyCE1vEu8FMLputSQjpaUXPQpckQMeTNC6JegUfFx96ZyYUxM9W8zoy3n6xLchIra7lZPTMStD3X5MbeC6qQnncSkHctl7_emQxLbrooSxWNBoA==
gAAAAABqr83cEhoQd4CtOHrU4ROewnkRi14I09u1OzHEUIiqT6AHjjuhN8Yls1KteDKF-pcH2cYysKQ7WIYDA1lLKi7NAX24HH-AmZTifc7soZLT7hQdkxJCyoXoHBwmQ2Mw5cLMBwgHEPBC5ujporbv_VvMnPJC4Q==
gAAAAABqr83d3NNpgRr58De7UFWqw51Wdluvh61to0MT7rTxXUJDCaDokUi00ZLLlSXWxQd7WU9nk2YBVQAAk4_I9NBkF8mBSruzNcqiJA2xWRuCt-SKVVQQX7mTGdpWCxXip4wdOvXRFYtnr2a1yXd_WCvzVP28Xg==
gAAAAABqr83e-PTl2A093-3_T1omr9D0-Z9BZIhTNwvwD4c3S1CLUVaBKvoK4dZV7f1ufO5dnkadYoFaASuVgaS7U1gNiAA_i8yltinX0Jb7g43ebvz3YFmHi2GNt62zYNPH-4SWFLaRlZFcFVdITeb6i-FIqvedZg==
gAAAAABqr83f7PX5kDBo_6jurqschXqBVvzx9s-msd6vuMp7MfwxC_Y3DI6MQAyxNaPEYqYrAwIV_7CMFT8UWwOQ6w4fVJ6g12aOjKJF_gFALxyqhnDlMmKqZ0U_rlvNpCWN3Ll-d3QC1I8aE8Yq6J-xobRtUfthEQ==
gAAAAABqr83gbekHV7F0qQlUUc_6clrsQl6PSbvRJMuaTQ8Uwq6TdrM_6t5vi4o8eaLxktogVelK5xeeww1TfpVrN6BsZi08H19CB-untoqS70LmjHdMpI2SBSTO00LmQGz1Ci1N5uKglJaNwLWKrgsoxiuMACwoUw==
gAAAAABqr83ha630BLhuSkcjyiHMASjjiFiuZ22oni_GekgqzI5Hh-_WwS6Ruo0OMfUJCN2gNhztFkq63VKpfhbwiA128sgdTQKHk0oiIoei4do8_DKaBC2WA1hR-RsAtXIe4jx253K1yTLLMEyUFtRUQSAzK5Ds7A==
gAAAAABqr83ivCtHB7gQzJVFPM0zLBN2RoqHBQ_XzIbTzVsBaMiYjCW9hW6lMcOpGjQj7o2kotnxsrNsVx2sg21iF8ppy_SPgjkwS56S-Fk_J6rrrJSehbINyT0oIl3yHBDWHnByeglcvhK-fLuBuFQluOm1iMbUxg==
gAAAAABqr83jRMvBwa1V2pJM7mhPdKFWChB90lI4-j01Vk1URcZdPWIXjYHmuSD5A3R1GhFs8q8prMsDzsdt_U-GrLRfELXWvZQ9YvRfGKUTMQeyj6mL5R7ab96z4kEAGpq7dHxJmODGvu2fTkNkZiIkMfDKpYpaaw==
gAAAAABqr83kHiLXVLzSid8ItRxRkwYOWx1b-O-nK-uK3G0lymRyNtmlgSMp0ySPj7V0NUNV6o5fU0Pr_KPTIzRNiInk7uZAbKiq3JxLo1uJKZvnHjDYC-IZCXS0FjrzR4VaX8YPavHF2fjUbbE3kq_UL5NwCEw2wQ==
gAAAAABqr83lWLgYNuhOdwyp_8eqk_nbX83bVZvY38hB3xRrd7neNrzGoK9xt5B9gYAoybaGXHguxGWS2WRrMjRWp51eYUxeQa_bgSLYdNNGfvticlA3f1qHpBiFhj4OyqQQsY0CYEiEEeP_ojVEOxNWZ01Wv0j4Yg==
gAAAAABqr83mqwB-YRWCEz1gfwyUtb_nn3CNBiK49k_jYs3L6OLsE48StnrvUHND_ka7IGjZYVOoqNHiCq5Vv2DRjyW1IA--NobnNGj5xIUlq5RPjqtZNBnDU21jrfh052ehJ45t5lzaPPtIEua0gYveSYZZ9dRTdA==
gAAAAABqr83n7xIXAZE60zsc7bPLxWSXDUdvDN5SHw96Vv1Oh-k2N-9gI4QaIg7qBnkjIm8iPeswCzDd0UChVBtk0a_s9m0AnGnUmWriqLRdy9f9ueIKvlWIyjBUbwUBuTuYzL5KIghxXX8b1vqc2KpPyi5pG5vPqg==
gAAAAABqr83oqveSf4sb91XP6zJXo0xx1j_qirtKknpYsIeHX6oJ0RzECSn99b9f3q7ui99sMBzY8ZJcLvKRgKS2E0QdCiM7sgeV8p_X7Lzzf5Z8_klLEFxzWIF4pdhljWWlspuHg0QVve3aQg9EfbLM2O657DVhCw==
gAAAAABqr83ptaZJtcDt2z1w6ddMOD-T8B6kTUb7qhaZ619dZ1MY6pRw9TbtIpcYOw0pA1uzMHv2zRl-jlQz2c64B0jVGxZWqwuvsCT5jOh00VJGT_971XdfySkin0nWkaP3mCOJk5QFrU61Mac3vf2QTBR5fbDiWw==
gAAAAABqr83q57LT7TZAhfy801oOrDMFAeYhiJMtnuKPm6BP_OFT7C3IfwE3hzA6g4qqTKuIfnJM97r0JAWMLvxc7vvS6N4rcvUX-Muvgyot1D3Hke0JooAGe0drj82GuWo3BQfYKuQlJTMg7KJLOTyZhOz3gn6zIQ==
gAAAAABqr83rjNCHBJxOZkxGHT2kFoStnapvVcvGZnBFk0yLxBBWHzZTgpvmb4W-6Q5VizUp2xlvOtREwVXzUBdF-Qi6_LOVK6c9pACtRx2GvBSkBS8GcPx7yryQZtDhe851EUzclLIkzFK0xiahK2pvx5FBBhYjmQ==
gAAAAABqr83sv7DWjNgMVDFpF2nvkEqbCrVmL50Imj2c0ism_MQ4_tEkBT2fbjq1ap8ugoq1nb0HFTskPQbDevPQQHDTxelmmjozpdqwyxU2-HverIuu8ggwVhpAUrHi3kfDWFTv6KKlUN5WrxOKNASiN6CwyDnZ7w==
gAAAAABqr83tO31wJDtbkUYM0UkmS0ZGIO-hnPtW9KQxIXOIoP2lFHHtRuBrK7RzNwrETZYN14Cjx1JQd3S3ujcktGBgk0dmWukNNRa6u_mru7-uViWjkhJcJAp84QajVNLexZsfU9tgJ5nZfR4SkIdHbGgs6X4y6g==
gAAAAABqr84C5AA_LYYEbRjb_pgotORi58vEL4jFazl2uOJpE4rCiLKk51zSBaWuUuWu0L4DjuNFSCoHZDQ1nRUMr9YqG0ZpMgZtlNwgR11myEjyeOGsjmTGFlLSNPDpaPhgcTTKBrZ7r_zGmLEiSqU6MVXuIVhZBA==
gAAAAABqr84DMgBxr9TOEM_y4PPEXOAQpFIEuZmy_zlcfP0_uc-NEFm_q3U0n1pn5_zgMLLcVMZGM3WL3OIddiVJA4DhRu4NaDNWHP_gxXPSei2PQpvInJlPoxMaeCaRkdPHjB5uqCvG
gAAAAABqr84EpovXFK4ybodGxl05dpFFMJs49KeTPr5jXrgF3I3V1AjXrEvatbD5rrEPcP72LClfKOGP9mstAaPl2Oq-XMheVJiYYTbzq02BAHK9x-FYMJBJ-Oop0GE9i4vE6SvoNGpzjPAlEjRC_H8jkwAgSiPsgQ==
gAAAAABqr84FcAGP_JOtjImIStHgSQZ3CWl6W_C0ZUB0G-ctAgv02JHI97pwWarbKFnFDP4RjF8F41v4aU4H-o8iO6ThoiRWLQFguSH7tg4jh6PkTFSXroPoQzttYZhn6xRaI5MsbzDwMl8zjQGigvW_YEC0-cMoxw==
gAAAAABqr84Gd46mVipmWf1jlVWfjk0gLQlAY8kQtD0OBRxA-osi61ufc1sh81JY98WHotGxTyy49tjhh3Wx8GxgUAeF07OYTmmGnSXEi8cxid0shefVU9q5j-myliUkD-NiWrKCZKrBfBKkJtIzKYqV8vE8Kc52Lw==
gAAAAABqr84H-UhGeU8SsSxP41OgSsSHV37lS_7Vg0V4TvE3jmdvIdQL3Xz5zB7D37DahBvwbKmz7RRPgdi4jPuPI64e7s_OPH9iV80JStbzrfJKd9PTx502mZDx0UFnP-v_KO2K08UUz275eRy5mDjEgELaVFQEpg==
gAAAAABqr84INT9Hlyr4s0zCYH3YUoDITIvAMf9znWwZjzMUbBrak4mOww0MjB6jlpL-2pmA27zkh1E9tB4kDwEX2l6CmAUHFptXWOV6KZegXZTMXS8WyZt2qyYDl3ZBqC-0uZZjWGUy3Z7NoO9A-P_oGipXAx9vDQ==
gAAAAABqr84JzLJqgNBBXxOlZOVVlpJOXaIU-9F2EtcKTzPqfY5IOzrF3NE51wmaR1H6_0hywkZpRZ7jzJ8UZ02FlFrxfQcm5RaPLiqK9mP3pmFg-Zq5ieR8XRopExKTJ9czQUuEE4iPag7VKvVj2yscyR7oEGPCjA==
gAAAAABqr84KI-hkYx8mZBwW5vqUtepIVxyRrIjXOX83rI7A4edyPY7vDceZBgtWHYghlAmfe7JVSuFrO3ri-Bsv9wGRcGoAzzMwRbDRzaeZX4xiPBAhxhKfsMOr2TJsXITEKZMS2fLKm1VUxcyb8kpefBUMk1HZQw==
gAAAAABqr84L-YJCcsMrgl7Nn4Kr3JWTDXS6zmSoCPXLPIDBtQ5qBIK4nDm4N5G6WDEP1R6kIKcciMiBSTwHJoEWjpQzqs8-OhH2igWvHpv9Bzneku-yiPhMKFhkoOi_7zUrrLgTXg15t2k6aN_-tOXbUxrTWf_DJQ==
gAAAAABqr84Mf63--KdSFLQ9VzSRivroL9lay8tdUMOpJ_Xnd0Tbqb49fp6lLaW21H9OJu8s36oaIma4TlY0DbWAk8I_-x299IOuF1XnNT88jAqjcrhnVmlndq1MzctBx8xDtqldtU0Oy-faRTfhy3YrGkHAPncTEA==
gAAAAABqr84NN3Lyh2VYMD28A9IoT_hGA0fCIan2e1NvwtYBm_4JabFQKj3mEbyYhjMeXyqA6BKwr8XYXD9SX1TOuW3VTuwh-E7i6PE8nSu5QfrzF6pyR2e6Xw4MtrwgBtC3VAwm-yTQ7-KhXKcvLLp3CjpmMprDLw==
gAAAAABqr84OG4Ci0hcXd6weNf11Ez938AslVgP8G9WJJH3HW1zV5-eqytHkChUTp79JdXnfXSP0n-7f_-HU3se3wl-XRxPXrDYbga0HIocEDhXyrPFfmCTn06zvAMRsK5BEAghfxmoeLp68xxYQiN77SZT6awn7Ug==
gAAAAABqr84P2Z25UYMvMgSDDMbdELfa3S5gNT5WBgSFDkj1ml94oFXXfXT3HcAUpmoUftZqMOw4RVgB6jc_5pBt7ZJLIZhmAKqfIpTQBL1Ug22P11FQB70L33BFAK9qmBvPoudxVDED8Ve1ceAXVs_M24ZRsHQVwQ==
gAAAAABqr84Qv7TOoSq_pEYcJ1P5eA3sRi9DC9myqyzogH79foEY9w2wtI7GPRii3Ua3gLFLEUCNeEiX6RkYMxsf6-pOGUPNjdRZdofimEYZEs3Qi2d0-rhQ9qU3zMqx-yqMW8hexhHuy9xK5vjpfKwLvqVwlIrs9g==
gAAAAABqr84Rd00kc155LW1W4aWrvHoCwWwyYtD2uvO2J_6of9xHHWtGNkNwlgo-B0bKHnfupC9bcsi1YbNsq3KE5D2L8k-NKLDZ7JKY7fGCsMvngvdylfuIEvsbhtkU7m0j7m244rM3NkOz73x1vN-QR-9upG5taw==
gAAAAABqr84Sul70vUj0pHXfA7R3ZDJ-zNtRuyPGcqi_ouVjK3k1mzGmxSPYPxlezJ9Psyz19jWwpG1iBvp_Koqc2eB3NZjSVmP11KPaHQOEejYzQL2IVnD60yxqYdkR11yCdNnvDOoQ-XDsreVTaOGp2RbgGfAsHw==
gAAAAABqr84T8BJdnagpjXif0Jb-U48lzZWPu-WkMP4x1GUJBJU4uXk-hcq05iLiPZObSc6jG21IzESNI7etH4z_zoSJ1LUKoig3QSq_uDJAHOKPmN4P3pYpuBFZVSbXiPB6oSMh3nKDBfptVbrZRSse6P1uduV83A==
gAAAAABqr84UkXs6aSToICd5IAg8RFXw5_ua6dlSTx3hNwoNvzT0NMl2cjrPkjdCNzHrMvNNhw2uNdipg2c4tpdb9JV_KzXbD6lXvfEwQYrcofZF8Is1lR0qAC5N2tJC02vjnNdRjefOAvphgfAzeUvsMEw2Kv5bsg==
gAAAAABqr84VX-xatQM_DP--S_a1RydB6joip6QXOln26L13jROJD4SPVO-KTO8UOXOJXFh7RH0XOQxzh2kDgLkKTZMPddgJ_5tBEHWZccnBsErZzlH7OgGaZhJ95tWJiPazMQa-113T6bNpe-mVp1_sWSeeifpcZQ==
gAAAAABqr84WEz9-Ge761db0Jqri3HlDCOh8bgLtEqoMVLQTysDBufFybtr_RTG9o4hs0zg5PqhFftdRhY8K-WJfUBsORwHYDPru5xauW6g1nOzc_2AvBygkplkYcfvzLwsqiFjYfwSkRpdWcmoN4PbYq-s4_ovQ4w==
gAAAAABqr84X1C3c857mEUV9gz9pw4VJbw7oWrc7U00FvlrgYklCooJ_rA3oWUWaIywiSHRfPDgaab9VMwdS4vC5p19y52W2ADvqlQzHVefcwba1sVfHvPZvJ02UG6wLu6jpEkOmHS_qsMQjIYxq-E9hEbQFVcM4ZA==
gAAAAABqr84YHyjJwIT3An6LfQGwbj_TuKZNYfx38H1ydl_6zwdS5hIy9iFXH5mGIlD5k3lqHsgeGoPqr4Lc-1FRQJw2UgDL79JlM2IClXURnKZHxQ2mpa6USrelfW9Sk_PTAQ-BuPawlSXJxL0t3f6zRJo7ulBrKQ==
gAAAAABqr84ZdsDAtru8XmY1u1G2hlXIc8FZYDzVtPCfuCIt4YSBONS386fXICHNzoCOc4oKzzTYfO3tyWRUQ9DxsLNFllEf0rBtp3tQC3fKaPaJqBRcO6El4hH24GJs9ZNAXeZGpI-wCuYdAJ8r3VYuKatgRJpsGw==
gAAAAABqr84aY4IZy5jh_La_IenUIB4Va0q5xLu9QrzclqIj7Xcfed7fc7ftwa6KiFoiusxQgxl0_p6H_cVCc0kcGLkom6BiMeOFRBKL2oGo5YyaLNiozSkEW1bOq4zauVPCVBun8NGN1QcRoEx4QqLjMgAY1rArhw==
gAAAAABqr84bpgkar02h0YvXqjOGVRT7b8_h4b0FZ0R-TZM-A3093_KBw-ALnSCfrT-FqE6sxz54Hgd-gGsLxZ2hpKAfY6ijHItrySKqauO09rsUEYO6I3FcbYepV0kHAK28iW9GbiyuHrrhh86ig6b-stur2dgDXQ==
gAAAAABqr84cH4kMk1yMVZTDe_Z5xuZgPYEX2U8JnaIEzW_mOdO2iQkpvqE3mBx98Eey0CmqnBzvmRvnvmqRjGjS_9TcLUk4n7PtuSIsUkHJN51ykWomCJd1EPDWbuwTgctgSP6nYRUH_mYHluRRBDAQDD07D-6hAw==
gAAAAABqr84degOgL0PeZIQ-qgwrYFFlEAE9HMVSJ7VBcf1p6A7ie3gQyKHo7TkkVmr8lZZvSoiiuieBG5a_fkPBBpFl_DZeQ_Dt2fge2Ww91N3Dgabt3N2Puvvr9ZHNIaYYQ4twaSdMLeLUqhxq_LdhFWH9EZRmYQ==
gAAAAABqr84e1qhmqWbOhgQVL5Y38Br208V3_009kShwTgBPEJj5C_qJE1FbAVyeWE7BcHGVmKh9IeHDwcOr9TjYSyKleazO-pjNnk_OirnnvKkAtYv3-Svt9B21xavoCsT2c0HAUg92MMmkZT_lJBs_fRodomw5lg==
gAAAAABqr84fdhKGhug_tKEp5_9VV0fPySGFj441qqcuLN6GYM701AKVAvZC4cqUyot_ihTYA4OrjpWQg2l-5KyC_6F4VV7MSyrKQXkWbh4JlDfXVCPiKZtNlQEgGP8rnZ74aGrJnh9Eu5931tB_4nmBTpiaqpfs9Q==
gAAAAABqr84gE74RIGTTZazIldE8GV6pUBhhXrDB435Q8De82IMCRpoDNm46FCN2aSk3ga0lY5lXpeWtdeqZYuf9-cw2pZ1hjI58Ab3kyMHAkR03fVCkGnBvyepNu20g9qLpNd5fASu8dDg1WojyfwfvinQFxcjb6w==
gAAAAABqr84hIq0cdwx1Y5u2M7CkzM9FhG5tRVXaqMSs9VDmfoCKfL9YvasDQeYjvQJLwjC7ujDRkP2NG880-UddhO6Wzgpufb_Txj7UJxNkuECblgB_piY0PhVikTtcGNBI7F0erLS9O3GbVf47gKBH106SyUpGUg==
gAAAAABqr84i5UNZ2Zzu4fTaT4ylTvR1Z8CL2giOUDp1ls-DUTMBWC3iDObf1FX_1wxCZejEcJWnbv-5u1DWCe-qHzZpqK1AqLow1Y7XCMMFczl-de_FDKz2YmFFeBCXPuG-TcvqCQz8ebMSNXiAurvRphwoOq0BAw==
gAAAAABqr84jC1X9qerBrK3W1CUmLrSjo9rRJUOhIpHkSpddpJrl_JddfQ-yuu3d-MIuONLI2tTTmsllREuKD2xJBFDwFZBz2Rh78koOSq6TCDjye_7Nb6rba_APCa61aUyp9cjbMEN1EJRYgzIVMgHKxGqOxE3SKA==
gAAAAABqr84k2S-qw72469QPcBrIS1TgS4lTkmS72KQBmHpNYM1NtNetgtGuqhBwzt2psX5gMMLVx9vGQaTy4H2y7-cyvnyFLrG9E2XxsNC6hbd-1Js7O4jc29MT0ZscAx4AVigNGNVM9MKsMxGfPeD2nV7-qJlGfg==
gAAAAABqr84le6Aag3G-wyQb4r9RrQkD_4UFBoNUvHyyz9ewINiXwy0Lhg06BSnmPqXZ5Fygp4bPXWMJMjaEwXCNuWo0tX9-S-ipudKmobPj8JwYK4ApgWuHkH6uVV8N3KgVv8wyfiKUncJp_wQhMT9ephwyQrYp6g==
gAAAAABqr84mcFBkdrVRAoxC3CFRg7f1nh3K1TvgbP8eRs9VDDyPIwHHg95l25mbIs0TvObdI3skbqxgJbKw-lLmZmSR2JWYs47OfXFPZCQz20RIqsq6b0DWA110344rMn19uVazelvBC3iaY-tQ684dgtnz54voWw==
gAAAAABqr84n3LDFydpp8Aol-U0BFHvLkMCv8zHYqrTR_wUqpUP5rm0g2y2Wps8Gt308nCFStFwCbhzpuO1WeTn30aJtrvdx7_l8oi3qTtalHGYCrt4wLiJFMUim5d7ZbROUwzMde-jfTmheZnZihslK8YSkKAeVFA==
gAAAAABqr84o72z-CmYJPWgkyeGZHKYY5vwRgcrknT2BrslqO3imKbbbMggjPkbuxxXGeUvGCn6kVwTEsl1dVoSQ8aRN7U2zX6_ufvW9DlkCXxpKwlGzkva9hEgKHbdshLaz5Tt2KdWvGW6k56k9kTI7XJjpuw8HAw==
gAAAAABqr84pwnGyGsH7R5Jou3UHqEV8CxpEQVCTEtUSkA7ug9khq_Ap-kHDODEgzSOJmBR11KLJK1gIhYNMFR0uMm8D8Vn-c27t-HJkxdY3QsxuqXQVhc03onDz49h7DAUAAGykZQwGFplTV1ZTpVPI9BSvDRUlrA==
gAAAAABqr84qvXHvfzDJ1D1FmypBT6l1PL67ibWpa7H9Ars5iN1ZWhpwUPaINQl6ZB48CO0AveIcKFxmFdBUZl46ymUya5VNV6KbhzfDfs0Tq91gBaxelFkCLH6oDygnRIeThvH95o2gCoxRpV7eHnfPw8skIHYVPA==
gAAAAABqr84rUgiSZOu2eBtMpTfmy4uXztMXNFObLOiqolEs9vufWAa6t13C7j39Os4dZZZP3tn_H1R5CyeKg1kgUJ4gZtPoosN89hDsAU9N3S2cpETlK_m5ygR_qxR5LQZVKzodloos
gAAAAABqr84sbxjA93tOiCGEpZRI7rw0synlWGwLv7kvrkHt0eDLppL1Bj5i3qFwZK-RzeydBpQiq39TMxaDhAar36IzBEWBE--v1tT7SNoyIUTrUYYVu0fCr9AyA6IaspTY9pJH8bzt
gAAAAABqr84tsEbk6TgcofbUWNFMuB41OquauaWyq6LBJUezsgaFiXtFnx_WRxxCCf-cNZcwlU1JPOvbRtNZE5Vem060yEslvNkT8gSqMq2ZjVMEuOTmYV6ZaMkDEysE0XXMv9pnIvih
gAAAAABqr84ugW6-hPOF-hEXjO_ChMEDytr0fLndAQisxZYG5wBudaT0qcIFqPyyXsamJBf9NmTJwN6oQswTsjup-uguh571Y7t0S6fBPsiiN-VRY0kRT4qef_m_y0P6Bq7rnTAouA1c
gAAAAABqr84vboi2tOJ30_zARUGkMFigUBnoNRjGQH5CbCl2iHhiFWKWPUUQOGeRRumcPrJymDAdVV1s-6HlFxpjVZ2-Wl-kGAC1Cn0WJ-56b1P8irXpsrcT_ngdJ31sAU6lFw-ImJ8Z
gAAAAABqr84wz1-75Lu2KVShe9bURWeE2NhXzX_es6J1_pI3FZOTsoURvNOGuCfG7evcihCCJmBFhLqz0JW8JNvT7RphWhHbppnQ0fYC4ePqR1WL9NC3ytdFLsIdxDB_4wOICR2YgqMR
gAAAAABqr84x-u5y19t-gMMfBpNPmn-7XV6mKvc5_VlKMzZPBzXChNo5rFCp4FKTuJbclit9n-wXgQjqWFH4Q8ZI_GfnTA8m7dcv4hz4ePEOwg4qVOcV3QYLKPw7VUvKZN3KviInxUjl
gAAAAABqr84yPiNCoobuZQZqSQPnDrRjQp3e3rwhbrUmhE9A-1GedBj7xhIgt7re_hviF1SctEB1_tD8iXtB-x8bd8G5SRYQNj8DRTzEtTRbVzRjvRIqSTE9QcZar1ZPHLhd4wOeSr1a
gAAAAABqr84zUlprwgxH6nql48SCTuXd9TnxY_QAL8b_GpjbBulSzxyxpUVkKsrfWc3kDoEvvacYM7IoJBZxquocDQ9Iaj3VWVxFVJxFlmYJJl1okh7RYLwo6qOHJk36rRWP0iC7UXpX
gAAAAABqr8402FdkivAnBuUxB1LTI_Xt2GozIKsuIPlX0dJGDwI1Va-q49hNsODfV3mdJALNfo22-MaxLEwKpZnYJlbNcOAjUlSFpfJ8ggDJyDKQHNWcW5zrUbIumwwk5Taf7stbGPV4
gAAAAABqr841nB_OMSRUfhDwAPoqrp9SYuEhFJAiQMUA4mi9Yt8bp-UlxpReyAFRN5SSmg5WHhM3JzUvrdwf_PRuyMzEusermq1EjDBS213Gp_KejUkDgvvwHoTYWPS__lKQpsuIQ8xJIeNBUG80jrCxI34aM__uoA==
gAAAAABqr842AydJWt3FRN55DXaRGK0mldvpzjazJbpry8p5Svbl4ovX57LkN5YvqFXGZC7C-K_vD0q0xmoSbRTulDlytawnwtY_Eo8wKhlnXimThrEoEcGxQSXDi1wKHlyffgQ146b9-3lUivb_wHuj8EdQTcLRNw==
gAAAAABqr843Sif8BPn_EwHNVj2bWlGVvUIoodUYRIx5a_0TWJNNYTcaM3IrKzFEJ3VVosT77o37U1eD54rJ4crA1ZpRw_FOY1WVtGSdLNtXtc_ggAyQmY9mL9_-qCudlw3vC7S4IVtA6LRA00CHkc_tTsUL8s5f8A==
gAAAAABqr844CFPPGQIb1NcFF6TmZl-gBJc3WN37AKaH3LcLOmhiZG22MlKnGAfemv64WxaH268wYF0jG8EtUE-i8zCl0EoEqSEu7Q5aLYnrXfS-_l1OiwGb0oMzTxvZatjk-crJC9WfWud5MqECS7_vdcvcDSTnzA==
gAAAAABqr845JnB1y1VIsH7KWPLeBdveyaUG8swx1S69WNsiDQmukR1ZTFcPKBlgMnM6ydx6_oAg5vXFw7smPk1G2v6AxgnVhCxKTEgRvcM0Lgn5i0_fVUFLJ7WH27kI6Ao-kp1ksQoBBILjgV6cwf2xy5IPPhRDHw==
gAAAAABqr846AXKqF96JCk02OVecLk7_vSc3KqbIMlJIpJ9m_QkqyZn4Q6GHinfNtcJOaoq8ZSnQ84rnmCMV_Kit0iKm_DzlUEP1Xzy8RvIgUCrVDFp7tTBcoyPg1L-Vc8UdXzpuZVzP
gAAAAABqr847-V4FXbT5YA65Ji6R5lZ9Xq2ilKJMKnFVK4CVLbgLyrSZ3q-EB7kb2BGKWrJ6lsXrk5JHWxmIP7ed8SDpcIOfxSXA6LCNzB9uXu77WbNrfy0ZjWvcxE3rRld5wOpu1EM2Tyb9fidJjzUmniMh_VBtxA==
gAAAAABqr848U4idZZ-s-4aIuHkK2U1pjA4yOFeTSLjZtglL9wAqB36IcgQFQZq-_fPVJO_bRExDqwmdIH22tpcWXuf6pd7M-5i01mFnwaISOr1BatFazCnaXFpw8s5CDDoMoTpTUoRTkssjzvHCgj2vtqapWyLfuA==
gAAAAABqr849bIzaZuro3NcUo3zI5owU9bcBK2XVxUW-zlgPbi7lzEK4pBR5YqcpVUKwnz7XMezzrn_PYz26Pc2uw83uEgAS6ZBOkKdBcLa2ipTBfouiiomPqOp5uWTSTYyImb08Tokjyv7jnSOiilYvqNaZ5j1rmg==
gAAAAABqr84-0ziQgC5p_qSYIvPHDhNEAIfzXCwMRkdETN2ABNAzoy0HslIDvFZ09nOpzWSpGRsc82nsPuelSPnCgL0lqY3v7CpvN3ZxSY_BPOaTjEa0BMiDVt30drGnrl3mzv7Av1uikerqXQY9kLeHxERXDg0gdw==
gAAAAABqr84_4RRjqHkr56g4m3cuF8beHwM8SlrsDyygZHQPACEvP2OewGClPYPJXz2fvsFyxTJQpb8JRnPXqCruYYHYEUP8nWrPl_fDAP3JZ-KdTl0q674sTdhA_pSZNm5smr_TP4Tas10f0r7LhlrVYumdbNtKgA==
gAAAAABqr85AxPq_yiZNAZ1EgpGlat7gL3caZDUewHgMTXZNDfWGugiN7eIe94AwF29ZREgWawsLiRIsC1aUBiNY6tfwlYJs9dtxz-cZyqRvTmEkpvT5yWBpUce72xwSbT_7Dvk1uVQhzmT_vH_dEq0Tz7hKHDcVZQ==
gAAAAABqr85BLKv6UEh0cN5JZAFgWEEVFE5ZZkjH7czsWSKhkRtLBR_mwrTcz-AGs4wGMhZl3LCebSVAYgf5MrkFEi1nBvvN2Qrfsa38iOyVlmm0U-RuUBZKarozvFNA_29yyF6kC1B4dquketqADY74B2cjWzP4sQ==
gAAAAABqr85CqBqXCJHaZ-EZY_qC_rM3cUIIqQbm-GWn18suJHQHk9KER56_Zd7k5cNk2ziXzv2i1P5_dHhY9ipIGMdSpH2jpX3MLEfZzRqHoKfhAseKwjf5_ayjpsO3Mv3r2P10PY6JdXqSbRmyEDRVOZhvKd8d8g==
gAAAAABqr85De8vvRcOmlFwE9E3XCKIKtqM9IX16vkEKr5VNyWDyfbQ-ojOZexGNhVLVcNhwJBdscvo5DnIMrjyJToD2V1jjOuj7u_ncl_i7nWnn3pyPq46rmXCyWdQOFJRl-NZCdPKbrXE9l_0RM6VOfq023ePcyg==
gAAAAABqr85Ed6KxANg7K_tgBt9u-PVp9NIzoKmIs3BuUFQD8QODEmU8zyUe2Y1oUx3nCW091YDxMi4oN1aLmojPZbKu12O6xtGozlvv92unvEuiuSh6ABWrKr6BFf3LL5yJquBVSWMiYO78Vbw8Oa_iqBjsC-F9pw==
gAAAAABqr85FXtb7poRNceewvEmVUaxQhTFNC_Qgfj8UIUjFbpZKFVIGN6j893FR4R-uclPjKd5bb2VKuE5pSbNgdIvDsLFATU7I3dUQ0KpEIYUP22n_mzpOWiqjC-_a2l1dz16k6vN5vr1_2d6LdB-2_amhOe2gCg==
gAAAAABqr85G-ai-uItZ-vWvwhATjnkC4O0dShRZzu-mWAZWhzTv1l7Sf_8lPsGDdevITglw4J2AShMjGNQ80NvRtvKSjGR7ixEq6-5ltGD2XZEPhKQeqjk-nW59vEAfT7glPxLXEg7fMWwlrE_OwLDqlYj6DciYSg==
gAAAAABqr85HE3hJ0tl1CoN4PeSlwPWviuVk87L9hD1NiEf-PggMzv4b-oN5VAu69wnZuqweDxpwkQ8nxC3o-Jghb4xN82MEam-GVodnHDxf78AwgmfrZ7FaVs7AAmOAsyD-XlaLph8r9hVJwVDK1HzG1Azy3egKQA==
gAAAAABqr85I6YssLSt0p_PyqAg2tp4ogxIKca3WeyaLkDNvXJsokp46wyGYEUND2sRDCWBkhDwGW0e9PmfsOqoghzk38hB-iIMKFQhO93Ukv3Ch822ROKOqyK8fsEGAptusq2-NSDvlT4Uka-lUKkYVmQtUE88Nkw==
gAAAAABqr85J1PCwRqQ79vSmfDPMn46dimQlsELVS8f-ibMFVkv-ongaYShv-OEziOEo_aPmSPraUOg5Wzio9OtBWcwrACjqfqi2BnPOhHSPh6Nqc-jIpu5Q--pRFL_BZW_cvh_gdH6yi-ptMhbCuyVZ7FtvEKhcIA==
gAAAAABqr85KdtDu9-elAlXKYKkeQBbl0HvBvr3tNv-BytKDLtoP5stbrTHb3e52OFftVNO_NHK50W_VSZPxnh8rWVsD9_EKHeYRkt9VLvgTQsh1FWZnXlcU_YRX0DvL8YCHbNoohctWZf0Q6DKhHdzXtqr8drYYsg==
gAAAAABqr85Lr5_8N0YzIfbSeT1vtN_Oerp8yPQChUMh6j8CAGQw2kq2bjihNWFVBcT-WaO5UuHwMcUIdaYaLdlA1lzYWodC0ZAnW8AmEu7mI5Ki1IOJl-kQK3dab7LncxZCSoUAk02GhSjt2wcwT3FJv7Z_nHUU2w==
gAAAAABqr85Mo-zgLsp7Uk7T6pA-WpfK31l0UA7gPt6Za6HQIUDKU8CCDDkaV1tdbCZxJZ92fyk5Iqzt8SiUp8diIitNQ1InbYWwCpgY88KDz0kl9T6QHp0CDb3f1qU8qOKYnH_gPoZFwTxBrkWzIZEQvvH6IAYpJA==
gAAAAABqr85NRL8_rs6yaezGewsLeCSkWg3YFMEHCUITIZWln6tcgXxPA4nAvSUc6iDQI4q5sIh3SRNtP0wPiKIvYyLtKJUGDlKzp3fCrIy9NQaN3B6buhmXsqixqKOrcTMTXn1X_iPjnodXjc3nuySNNY6CaUl7wQ==
gAAAAABqr85ONQFfi8ZP1jrz8XHXcbbbCZszDqGUY7PQ25BUrTPeM3mj7ZuKxJgxL-2xheNmbfXj3m7uLcEplLVEngUJ9eYZWXqHVWpEjSzRhAopY9lGWmXHmp6LyI72c_XI3luKyoH0
gAAAAABqr85PrrpQXIzbCmviauAmBNBlAU3JI81QhRIb1VcSQmCIAPbdiVJ-KrmqQuvg0Y7xE_QuZVyvx4TipmXUy5KCM5QjaLcSwm8eOmseMASUkMRkBWvskmpIzqD026RMqGO57bDkNE7rFl26n53hdBmqqk-gZg==
gAAAAABqr85QfeTEmTnxaNiUaXBnFIfl00qCytAqsMorxtOBF1fBTE2u22iLPIt3zZbbpOpBn49rZvX99YuqllSb3dZNynyOD1gRA2qBmgD0HcjH15Gmki6UtNMPaFsrc8IPGvXsKQORos1L4N2EzRptQG4QYsYNdg==
gAAAAABqr85RuTI2_o0o-_KN8E46yZW4sgfz_398Ye-BPhxExUCFE2HHJ2p1K-fMSRPIfQO47fDlZzD3DhyEpFMn_zaxoQilh5Dd9hwA-EkAJJlh--kvrhmq6xg8J3H-T67IvLI5qOKP
gAAAAABqr85SrwxrQMbQfj2CRhOYb1vj2ua6wIlbGfwVrTgMm4hZjZz-vLQAJAzW1dUxpUAF_9lg5qWPLHaenAn2-qCMj-q_LImQhZt2J3aiKQHYWHwz_XGG2eE5gxYOqmIrEPH_Ce73
gAAAAABqr85TCke3d2AazuR6-yFI-j3gPeW3CGgWEeCX1O2ZhFF6GbDSZUmsCEy0Oa3C6Ri6uU8WHVobeUL7ZYqQALEanI3W5-iXHzEqugti8gCiBhUMY-lbNl9WYagkufDkr4zAmLchmsywfXPmbmnoGGYFYjL5gQ==
gAAAAABqr85UDpUayE4Q5Vb_TKThqUKRjP7AxUymbYV0MBW-YgCKDVEfOCCy87XvNJpBzRbNTEmPcBWXRXhAX6tO53y9_G5oolr7PvFFFFeI6kMZlVPnwV8mqkN0q9IHdvL6OEE9uU2KI2z2PfhQFtavDH8mFWkq4g==
gAAAAABqr85VcpHBdkSK2h1Z46gCxffqGAFiIvSZJ53d5Nz2aaAIeusOd-2QnFnFBVSY-CHuDyeKkojJrx7ZCJPQnhd6uyzGj2DHIoX3c8wjOdseJgJi_nVKeYFdvQkbw042f8Lr3lYwaRB7hR0lkt-A3bpLiT0qVA==
gAAAAABqr85WedpxW60VhUwebwLC9_LOoH083l5b1kCWcoWWGJR7Fezxhk8aiXcxmOm4t1wjOLgiu-OpIZEwxsBNsby19U8yrKpW_4oJiAB-WMkn7-b1f8btcLjHBXVRkZbzBvw1WkrM11y6mMc3vBWm_SLiwJOc8Q==
gAAAAABqr85Xc1PDTUQo68WW-Zj5jLRf_-yOH15d0BXrf03aw5bqIP4XaWEd99YsDWJd-rY136VJgluNt7bH1E-e1ez_rjwvc0nJjqWnm8oosNOTyy6qwf7OLnjU4QhOEjitAe5gyYeXUuHQPA0XKxwtaypDA8SvxQ==
gAAAAABqr85YhLnXVuUtAgYBEH74HYynJRvHPeejZKPh0uESvoBcd6z27BdV-HtFmLlPjKFa88wer1mMECkCbujbnacsfmEo06CLOAY-8exQhy7--Lf5esmcnQByut5rIYoIsIpY2EaQjYi4L7MDYm-9AwMf1Ovz4Q==
gAAAAABqr85Zc06y530bfw_LMyRSbtf7nkppJflGwVLkd2a0AJmjfy71uOauRJtMW-Nx5uuB5r5AUlUtkDtI1ihmFcDXDuaGmSzZvmmA7YFJTz1oHTCowkqWgs1MlgfwnPdJk97rUetESER6q-a-U6uolnRaWRj7Vg==
gAAAAABqr85amvR4ABTpEzY4hK5GnmdsSD1biGjcgZYMVmxxeTmCDGkIsi4p497m4pWoULqNgKqm7EqQd-rJNzJF7usBzz-v0UiMvudaSth98P1AVwgHCnXBIgJ6NQNuQxgUmxhC6xJUp8IKCkd9VeH-Y4Irp0EWtQ==
gAAAAABqr85bgfph37Tl89x5bK7K8D8xNVBK8uBOSbEEFYOJVBEefuSvbEULFhstz67-YpYqCuDCP90_brC_kxD9TCkWp-klbyJ3oacTOaQgT52N7dORmRYEPJsSHhZSgJcwWwfCAqMTloAIUqGJgCS8HGWGj_WA4g==
gAAAAABqr85cLWOBuDubDa6GNKSzDbYWZRgM5veP74yf712AzAIJG3bmwRgQBQxmpEfCWmPlHFMbHXyf3nvVgW9DZALnqFSTy9pR4og7FiP1i6hLEpjWOj9ZNtmzC1vk0g-6Sn0XPz2CbmWrBcQPmvc7e6rUxzX2CA==
gAAAAABqr85dNKVZeEhwGtoQlZysvoN_Eq6klShz0ldYuP2E10WZPC2suJR-bHxsUX8HW4tRFqKrakIXqIlXrjt-uhAgJsV7zdc8Dg3zKyKI4lA7p6xgezfikV8-ArcmgZ_R33pPnhvgsqQHYmlq94sRHuqfqsIbcQ==
gAAAAABqr85eoFo3WYUNBYjInHnaamSMCCPW8yudWRQ4hLejZFod5voTSjnqzW3jOsIqRXjLe1HpZP5ocnKgQnLkkhD57VTkLeXvyC5gSODeuXgkL76cluoIzPbcaIn6uiLF6qa-mmkDmkwFH-BJTE8FyfG2A8dnKg==
gAAAAABqr85fpeQ1IM_ZYsjMlUjSMtDrEWp8y3C2NL4hCHFbNA-kfxm8YfNCrjdwz_HX1TpdKluJ5YnroUiHSkKaU75YpynP1TMMSK5L3XWn7EZ9ds69M74c77XJvlTKY8c-ht63S6giB4Krutoi7nd9gvMyyO8-Rw==
gAAAAABqr85ggqXVJUH2ZRkFzBiVJChLIkJ79J9e5gok3RFJHICYDy4WlFThKkQ1c2OvGCAb9V9giFTQosi6GU6J_ume0SAg1h7v_i2ffwwyHLOOzgzOhd-Zup8DBbBkP9GU7mYo6mQsYJLk-KQIupszqoXMCx3L2A==
gAAAAABqr85hquv9OSl7c2Oc-AfKkSrfselU64ihYJaS9e2hk0w340CB23Xr6bmC_s5x1lL_GG3yf53cxBctXfwOC6RFZVcJJ_uMhnloJs0DcP6v8YxxuB1UNa_1xGENOfTmNsnZjyil92FOODoglcBHHtUMdVzaKA==
gAAAAABqr85id_FHeYZjUSWgnSXV3COfej3L-Jv7EMrvkOyTtrNXfaAs03wpQyHT6wvj8_bg4Y_CU63j4RIfvNwrdTfhafCIjm-P9P627TvbXyadZHtNn0wjn4h9zzemUQ-HGBJt6TO0tl6Xb2JLR31FDTRJxzOvMA==
gAAAAABqr85jWd5gsv_s5TmM_l1FxVWH-h3vzHy8taQ_PeCh3F4UWcWVZmrw5RPgiefPVLNaAW_JglapsT3z94BxZxHybOHFhHDPIjzuB5PnVtmhsIuFe9UBV-JomPfAQs19TLMg2iD4bGFkDe4v1rFMi8O7nyG21Q==
gAAAAABqr85k66D89zdFlRzFWGiorNoFd2GwGl1d-1wUpFD7YNrkYKqxZ5NMjkZaHYWvX3fqzh1DtxsM5hIGSBdOSlC_7jkqZwRJiJgNafk_rQx3PfTZBG4Sfkyy2mKNKC6o2-gF4ucqiUf6lbSLYVDioHx532gM8w==
gAAAAABqr85l5wyayOymYBO145sppqkuF0fnHxyjPkXmh_Jc_mrUwkiHNq0rtjN81CSoGgLDmUlm2SN9s1QP21oHJi3iHrG4KtIl7eM-aI8EY39CELalSyRGW1QPhOPhoXuKOHfQGSAudsqedQ_ttaLAvKScAXjqXw==
gAAAAABqr85mJ1sFSKe9BOAFtHd2eT5Ue5_Of3PM4x2Qzl1r21pqUAO1oWfhmerFvLoLTYTwXNWxteqPACgkmpcY3Eai6s1TzP1UzEX0biKBxY9rSozmkWwe9EhE-7aQB3nGjy7MqjggyUO5QlJtOrsqCPPKdXcjfQ==
gAAAAABqr85nexMPyrVSZhmVlH5XAf4kmGV6Bck0-W2esjK4csrVOKsFzuCeXAIDxt0W9fRUNsrBiZyXiQhxw95HoP5O6Z8ZV2-HEjZOBAOxxxsUnozNdWCmDPbhs2PBWfhI33dKg6DsK2P4-J020tXSOfVS5VU2Ug==
gAAAAABqr85o5PqiBJMUOzSVPlG3n11ZcBlYeH1UV_WnhzzozcgAO6MlmiYEkGoqy3xxcxRB-oygjunmQbTrLxxeeAUPoE7IES-nlWQ4ZT_Od9-Y97QEbJbnIBXy1U5WfLK3kGqwO-nBbRoqyMEb2rte1Hi5w7Mj6g==
gAAAAABqr85phNgGYHmS3ewh1cKNtt8Nl0veSMIfd7b0yRB8LVe3MFI9C0fNQXKak3TFM2zXDu5CGbvR0mTyW8owQwjlgG9LEv_TraMU95gef3cu8vPZw_gH_7K9KXg6H9WbG8PsXHKX
gAAAAABqr85q_u9YhEvB2in-gTeU6T79kpQalBMpMXOdaf7h1O9RdBDo_BFklmriaxq5hRJEz4_Xf42evq3pSSaYl0xMyDfybyRZrOALmRFjT1pVLemggVosnHTEU-jWFkvy1ZgJA4b9QLPUx7_DxAVtSwFfGDMKlw==
gAAAAABqr85rqAcYZouc3YbbNhabF9dlazAEJflh6R4Y3mf0OrL0jwzHeLnJM3eiRoDDeJNwSu02x1Obnzs4fW4GwaVe9Z_jZlqIJp4KPEMNZHDSRtbXdgKYVHHsbvDiRNpELcSY1t7mBQv0zJ1pBt3L_lqy2fds0Q==
gAAAAABqr85sIzhWXhtETFTZH2dH9URdZSL_quEY9dUQ6I6Q2JDhs8rMS2lcBv2Z6seM459UjdftUG8lJFAyT2coell0P9xh0gpDQ3xtL3mo72LTLg2CJfcUTzBdAPM6TBURMh2J5OdiKkft8niE5RJ6o3D7hqY_sQ==
gAAAAABqr85tI7U_ED4UfyQx94lnxrzSCzhU9LXnc06TzOQhnBo2ao8geQ46rYarY-hNUFgzqYHtQnXLUA2VQmOmiD-RYYDlIZjuRWJ8GkQLOn22PfVoFuqDSCjdKGJPlb_RFTWDARy9t32jWud_75_jRMzlBo9Gyg==
gAAAAABqr85u4iehwAKdkKsP2YFQg8Jh2GDcBVQAtEXR7Tf3l3iKOiaGJe79nVnQEXQxz6L7WsO_7b1i31Okif_U6f_CESszD04Qb4Eg01agYrn--eIN_ay3emS7nMWHDrmKJsMZzXvXGRs1PFviYKpCeeJa9q4vZQ==
gAAAAABqr85vfnN5-F1YZ9r5s2clVDgIUS7Mfbdp_a5FbW0CdkKjcexcPu_PLtKGmpZ5WMSuf6ejUzxYFjIILhlrZaVzWXDwtiUP_sb7KUhW3hk-mzBMz1B_RAEczpk23APU0k6_fA6Q1wm6bHOddoDrgk8f7v00Aw==
gAAAAABqr85wfimNhjzhGJM0v__2UtMGXjicypET3JnxmvTP93oraCvSkxI5PiXPHh9hgP8Ag6fu4EsLM-eze_fudRn-cjslikpwouSc276PV-ehZVCHQivAoIzJVsrTKqJ5VtAYmxts0fIdyspX4gtRdPi7TeUxIg==
gAAAAABqr85xDcVk00wV1EXwMMyUTZ9Efo1PnXo25CZwktwExrf4NhfAkYA7K__tsLB7WJ-76y25mcdO8kY-xM83pXqZoXN8XjCc82E4bVIesPppUmPfDIBjTgEnoF-eLki3d_IM8gyGI6Q4nD6bu3QQNJ3XBx4vqQ==
gAAAAABqr85yYiugMI-mvO7tPWngjL8IZ4FEYEN3QzDN3NR-BQeT-tewxPMJx2s3cl1CF_YKElRKIEOt3QI-xB7nKMSLG_QjtYJi62irAIJ75XVTdelGVMzLZ8N3c69INgnb853XWfXBVab-a57TFk83OuXZ6XwPJg==
gAAAAABqr85zCSIxMBSAPDsReo7W5LRbsN6VAK_QPzhPUNfK3804_8fmAqem684-ZirxyLHfzaEBjDQYe4I3lhLcjJaNlDl82bdB6U2DckU__yU7bdYF8U2ANZGa8LqJATciFCt2EE2tkUwkSn1y3JXypj8Tb710WA==
gAAAAABqr850kwT4gSRgPohI8wlZ6GON2ST8RcAsd_fxMHj341E9QCIh9pB-mwYX9AUZFDDjtFn529L9PtCqa1q2JtqhAsIWbK02KRcaGg3xAlA7l1a9W9IOtFEotxyJSg9dzsnJBZspQSZNT7W5C_8qpwwfTypTEA==
gAAAAABqr851dILLNKjTlmS9-WXPhiMdjbCi34G3SPigKmPlt5mFKJm0ojDwh3cxcL7rpzKN1RUH2OXRd6t302MqW7GXMIwS8qgby62AoBzH3-LdUAQyihfXrn5z0Ys3biQLoT81sFwKVuatMrVioyKHrJLvdjk90g==
gAAAAABqr852quUelGYR23in72uiDJQnj6ImLEXiobowAQbgwTM3sHP9l2TNi13oY2tYGXFo4VmtTRRQPjc0E0-9yETyIv6NNKVbiUNQF_882VMfatdjdcu6_aNg_hhQOCGR-PoJRmHRPs_tk-38Gp3MejEW9-o8aQ==
gAAAAABqr853S6GwnGODxWaUfaP3YDMj4PQN2XNJnFAJEqe15xaMk28YLYwVz0Bx0xqNdr9G1sUZ52-jHzvYVmDLNZER4hQaIDFFhsj5YYQlxpqNz17d5T3LfM95aDNeBY04S5NaBKB4MUQ15t0lwwePPfFk-W0jkQ==
gAAAAABqr854hIAqQiRggRaloALf_IosNR2XcwqcUP8rGzOL7zvXP4VUNftoGkLIGa8bc89SIe6GM7LoCkLMdocWEyj4qPS9oOW1eYFP_zxf_oyc6mlH0TR6Fldq2DjHIdMIDVRTXaEu2hvTXjAh4OvZy2YF1Lzzjw==
gAAAAABqr855wxFyQTFdfJr-k20eDknJYWoBOZhTT5PdlWSmx7YxGndepS383Sa7km_Uh73mpRboVjIUDJ1pJJM_v-QgxDumg78Dj7lkWQrzhkA78LX_Y_Ht-CdGQxRsUkXgvgC7SnKhHlcu95bTP7k93ATzz_l0zQ==
gAAAAABqr8564d7iVGEPYxCY1HqIbH1NwsCLELtGAcU5vbTUiMI_Zg7W-dPHE7OM9J4xN4bBPZwLsZpQJ7nP74lJWUoV626GQoZs9LELgzKXFJ1niDq0RHMYmYhdPD0Jv1vr4yWeX02Hx-frYslYINQ6YtHLej3HBA==
gAAAAABqr857jrkWb3nIy9XCxYnnVOPc6DsJXSY1CrWMztXrtiLNOM0Q_LcbH7x2cVrlwrcXqQE4MHsJCBy3yA7fjscKlq2WB3zHpb-AOmDkwfC-uG0zhTM3MoYXrEOKRI1biZKoHdeZfUkdGwX4D3JiDYxLFayEvw==
gAAAAABqr8580BsD-VIRETkNcnVtYTzmPiLsmozHgVNjc7Jwz1CMRoLl3OxDGz4ZBvhuPmVKZDDQ7cF1q2YdErc4y3CnOn29MZ1cUD82cRWEW00A2amHRJGNycW-Qy9FvFK2cIBt2NyDDgDCnKh6CpqlWHO7NWmBng==
gAAAAABqr859URXnlAE3CKkoDtVrLJ_z8yMbteU0BLBHN9PFn3ywMVwfqXUPv7_TUfJjztf8l_ScBOgDWmAfCpkGjK-93X-NEjfkmlnQBKQyv0DGHzAn53KETVkEdeSufujDME6CnQLe5LZYzo1AJ2vSyLAksHAAqQ==
gAAAAABqr85-sgWdw3nZhW263BiEWqlmgvJcFrmy6A86vTU8I7NA9WLT32wzxbF8_AaHvACXPup9xcxA_z1yxM9_XYeae319p-0AJzh9er7cj1Gxwh8WbvS0NcHMsq3DRY-DwKLyi9en
gAAAAABqr85_UFZubbXJR51lsy0KFNmnWL0opjZyZUQkIpB0AOmRrcH2V5pVAxNxsBbDHNFE48D8DcWxvi22xjzJiZk7LvO4VzLU1OMSk2ZOfiKcNaoPdZX0vmN_hFGMaBUwtDXhkAdU
gAAAAABqr86AHw1f8tBruOXPvHLyejyrQEX9iXCV3CIc4KenujyjiLarjKxuPlT38r7fTz08ZuswyQ1ISCxMPHARZ-QgBiTlxGIPPrR19dM5VIYHUV2RN31z33tNfIXxYMifHNNMvMZOhII5-aCvVT1zluOwcC5epQ==
gAAAAABqr86BvXxBOmMriv-blTCI9hW-mkw0wpaUZAW6-4cC0-O7I3y5U8XGX9-90EP-EAqDUOIsOIlJeQmNrkz23Y-b2bLpzyo5iI_f1iFmaSqh5px75yZbkYC5o3GeWw3_yCeaTTM_MSBlqqiaukmwhwzMCCsbrA==
gAAAAABqr86CFkDCf8x9QYMJITPMnFdkWvuxjXYxORfCvyL8KEsxVGw5_0YpK54yUcgkokFeDiYIOJWziqrLj7j7w2MHZHqFbf6VxwG-1GzsZZl22ucCAv0jLa5dWNXF94LEYEXzOoTiL7i5VusJgQ0oQwAwBkA19g==
gAAAAABqr86DGwouKxkxwo86FcQIE2rCTn6O_azGmslgEMQDJxsV9LP5VZY2S5F7NW0bR_OBj9f_2OxXKAlIk8tFj54ulnSN2Ab-2kQe7d-1UyfOpAFZMHluxIuLViNyUrBVeiYRnD3KKhMOdQ8fTzALGXilSFCJzw==
gAAAAABqr86ENK-u1IM633NPgjyeDzpFOkODwshTo1uPekQ1G0H_vdzwppy8udvnD5Q86apuY3vGIREVlFHQW-zEJdXUu3UjGIPxjdzTlOcDHpdlaco5yspq-bFq-T7SvEX6QAOWslWNDgs9JdxtjJX5LgfvU0yxcA==
gAAAAABqr86FzDz6tSVy38iSJrvQ7w1l9IcT36PxEw37U0w8KzhsmmgXydO-MfNxjZIIBrnSZxli5CDAWuHrTHJCOU-G7GAriEXTPXYGT88gKqVcD4kBanaWl3VePmKr1IaPKJnwUVJNkhQcKm0ZeO9ysACpYsmpjQ==
gAAAAABqr86GRAbcn514vQYUTM--iN4kZiPGfueA3kluCSolFxIyB-0dw2fmRcDTmHgfieeK4y2tkJ7pUZSDEr6LZpUxkX3HzS1MsiR8KwWufGvqCyMoZD_WZUYpGyFE2qdihfwIKsg9aHyzeJuLI3azgnTr9nee9g==
gAAAAABqr86HUD_ZU04EHpiKP5qX5viT6KX0cgXfDzAChLbsPFB9RMwB2RrH_5oJ7IfB908if7aVZ5U_n0r_l-lbqaDxqK8Xjx7b1JlLB8WTnBeXSsg0yDmM5_x47Yn-r88NeMp9Y_Tu
gAAAAABqr86INkBiLJED55aUhwu3-mmG8BlFFll_S4UCTVOHJyCVfMKjegWS7svEUSuqYyTDbhiz9TfgUz4GcOrBOKGv__I7ywdMVTJMjMkDLNAHm7F47NJ1XTOZwf6R_9_wF9w4EhlXvIGq6SmAqXmUt_drVqFmng==
gAAAAABqr86JskS4AkLpnZhxypWOKjzYJM6SCcCO3aKRlSlEgOl2RFSUT-rlhVVpDXKN96btgrzzv0VxhPE5V6gnoSZlZHi3DnIETetus9a8-8IzZh04uGEAmMVk6NVaM3TW5tN1zWMt0pwqd3EYoUgVaxvH6_LvvQ==
gAAAAABqr86KgwFt7bZvpTh4zstlVZ-Vj4_fkXQe1jI3CqLIZuMaeM_T8R8vsHnsffie0Nz1XdkyAYjL8btVXdIwfNJlp8t33EyzSvyKxJPmZf1ay67G8NN3zsIUdZ7QIutyaIcW-m60oNdjsxawaFeYKmaocPyyrw==
gAAAAABqr86LhtZZrNZUwXdhYe6OsF-X81ESVzDn1EwvpiOuK7loMzpEJBUYrIYse1bFnPN9ZYC0Lrzdu53UAfQsy3HP-XtVrTqGQb3rIGngQfS_ad7pAMcnUeDJgIQLSPEgjVKoStu7rDqX3W7pRlq77uWswiB4gw==
gAAAAABqr86MC0dU27XO85m3kvtGKjjPhg-EfW8dqlbxnK9np7NyJwaXpPzwgGSiUpK4stPAxWd9ER9sl9j6M3gL7SnuaVBHuIhr7T1PLc5ZgDNw3GMEfjM_9CbaOs5wBqVe44iDzFLx2eic4h8apHBknyC_OXYodQ==
gAAAAABqr86NY8jgnlbKqziCqyVuAusOUP2Vt-_GPEf1gGqlT1QqFf-pyb2LiFLim3j7BCn4DU52XggC9wVg6pi1VuMStlSz5jVlx25X8fshFBY0R9whhzffbGNEo9TCR6KrD1m_Yj64vsQbL4zr4KDPkve9a8TJ1A==
gAAAAABqr86O-rdkzUyPPvFpAN1sJVfWYWuR2qoZMCFqcx-hHApxF1He5gPPr1prNAKlHOMBS6KHSEjBkSVWmVxU-YdxvcWnVrEeAVe42YAlC0ULf0dXxuxD-49JwPZWnabEydDtLvQZslxnVwNfKymslyldxuifaw==
gAAAAABqr86PakGP_maRmmpMzeLSzvF9ZJk9FYXOLikgt2JKQv5ww0oc28HF4wikRvGlzXFBpg82OVTDHYDB1ED602t0Lvu56P4voSJj0IXelPuWN_Zdutv4Q12yrUbjdMtkqQZ6j2Ka
gAAAAABqr9d8s9zeMpbWeW1NCXaS89KzJDqVRufZUAH_zwi86z84Ot4phOicRyaqx21GPPx9z3b2NjHrdd4S7wR2bvJbVv7naDcYnWGTCrrsRSmaK6A8r6_HmKbK_b-DE3qHcwzx0x6sDVCO_dPHLqTlX3Di2z6dBA==
gAAAAABqr9d9o_7NjOgnNyEC56gK91x3vir05ej9-6wqMLBJrKvcXtB8z14a7OXdtT4xlaURxw_YVetMRwZl18V9AjTTmXJLLtcUrf7AXKqh36oyvMWf4FaQzAsVmrKNNlvPOjgMaRQYpfBdkv4bJdgzEDlXBHcsMA==
gAAAAABqr9d-4K8PhaP0vKPsGCYka6bCI0uP1oMeSxxuqihoQ20jPt7KnJhBYJWQBY3pRMDxdDaXw6ZaXgglAZRgxuEMA_OHQimbqM1Jjqhend0bZWZJk_6pYpRuDfwsSrAfdgucCyw_bL0lRjF6Eve6j0ex9WgQ9A==
gAAAAABqr9d_jPw4FLINW-7fY-VExePuMTQT379UEr0eSW4lT_JU971ym8Lg14j8F3vAsj7h-hk3gEcj3PQtn1IcgPj0Wa05JnWDMAAFjLf7NEXBoOfjK69H6hPERG9GG5AyAL9xJk7b0-hCInzLc6GU8vEGWoIS8Q==
gAAAAABqr9eAIrMp_i4_3Aqc15e4lNN8oyKGm0wVSt2sKF5mOm7_bRMNE7pwahUt0lzn96L8e4hs2eMcDP4AvkncbnzUE0Ti461Dggb4rQzr1KZRFyavKkyPR2q8hPSKjEfyt8bvCqCIz9aZOrtsxxcAgMFxvRR9EA==
gAAAAABqr9eBd09gwVGIHO_gZ277NcJqys8kGL9plhQ0h02tv05amv5wEIazrZ4Ozi7xbJ3ZQ8yE9CboYub95Tn2Lc7zvPba6aX9I_cO2wFxycraEIs5Bv92o2bHpMLFjI1KdsjsMBOBuo1-y149oz4r3ITMcMZjIg==
gAAAAABqr9eCDP2GW0ANZS6fswFs_yMZkCJ0IjyYJG80wrWoSojfQ1Qu5SNNC0ejPOwWCB2nEM8_CDvkhTN-RVPOMpZPE_KQXqJgs0DUzlTOVit6oGaBuyR5Cztgvv9zcaOgVBxTCmj-s62YPoqkLmBBshIiBnoNPA==
gAAAAABqr9eDAFStX2MUX_XF14sFfDIEAfbwmGorsq1kQ_5_tafBLaYZwz_YHRMp5_5MhYH8UbP2hq3-e8KTSnjieWfcAygmughQ1hH2j6TWYZDICJ8Q8WAz9FHsyG47Qt9ifMa82nCNx-4uN_iLW00SVC4a7JVYBw==
gAAAAABqr9eEbk7OpRiJOgzMhA2bil97H69I_iB8xGjTMvQwLWmB3ZiXB8A2eRPxyGEkAKQdl2YZTAUygUWH7JF4YHCL9PQhgZNp8s289cSjRiDdscWu6qWBjQbSgzEg2Wy8dj0y1ly5
gAAAAABqr9eF9R_WytVaNl2vKlQ01fmTsH7FZbNVuEsZ1-xiPvAeaAQkt1bTIsSPabqQ6_wDsCXJKYsFs_RUZXJkJTc9tmxn2w8sUmGPhtporlwNdng1-lzR2duNHtEJWMh1nMRDfzx6
gAAAAABqr9eG-nCRm_Cid1RWU4btyUoHV3dEOJEIXJaEvzrHdmbMejcn32uDLK13P6_i2eks545BwjcNUo1mOBbrnyDCMCNIm3SZ9xgBbqA2gCICrj6jdSD4IRu_wQeuH2rw4oepKSoR
gAAAAABqr9eH1t1c5AUX4Wmkqb7Vv-F5Mfp61T_WdfGmuLYnks5YqXr9mkq3jRvAFR7nuGsenbURhpnpAexehIzKbbTDcP0zAuyMHtTTX8tvzj7xCLlbB_vtYEdHXofz6nngKFlQL-CS
gAAAAABqr9eIYpgRdFeaUTxg9OaIdxdUbs9aIytqKh9VUMNMJLH5l7m5U9aqTy5J4XxUamX0j2Vf_GAmBqEWCS-pIxvxWhnhldei8DpXHJfoFAmJ9u-Hqu4y1ZEh2lBbH5n4rJC3PCP9
gAAAAABqr9eJSskEUM8W3_CUt0xrHBqONbqrvEfvVuQ3uy6ZKEuCOREvpdNe_I7-54io2YwtSQ_pdZ_UpbDuSBSbV8V1Op3OwQso0wMGdWDAuvmSYHNlTZZB-UOufL72ew543UXNJXfzne2fYajaOMP1IaxpbPL7VA==
gAAAAABqr9eKl-Vhn8Gi3HFDhnTO_SfkF--1qONpxDDJ2KSOOBSTJltJxcVYtJUjO_L9DINCRTX6bsbVHzL5In1-fbBB-BEojRlrsD0jujL4tdPbmlfc2JoaLQGhC01HZFHbWGviFWw9j7sEg4uxRKgg0d0R0JNutQ==
gAAAAABqr9eLgorouXta-rtKnxi_FghoOrjz_A9PZv4N4Bdo-L057eAKvFGjE8O3hQ0Zsthjo3cndKpIg7LzwoI9G6gJiD9bp05Uz1_Md6klMni5zkAL3Zg506uRHi-VBXcnvesW_VxL
